domain,domain_label,threshold,threshold_label,re,re_label,model_file,term_raw,term,label,domain_group,param_type,transition,median,mean,sd,q025,q05,q95,q975,p_gt_0,p_lt_0
base,Core Baseline,strict,Strict (Equal Slopes),ri,Random Intercepts,hier_base_strict_ri.rds,b_educ_c,educ_c,Educational Attainment,Cultural Capital,scalar,global,0.11952663999999999,0.119473801106,0.03238883381293205,0.0554820497,0.06614023584999999,0.17263390150000002,0.18538076525000002,1,0
base,Core Baseline,strict,Strict (Equal Slopes),ri,Random Intercepts,hier_base_strict_ri.rds,b_peduc_c,peduc_c,Parental Education,Cultural Capital,scalar,global,-0.0198564235,-0.0200440911270006,0.033145467103727705,-0.085203052075,-0.07413768895,0.03462098584999998,0.047702060575000045,0.262,0.738
base,Core Baseline,strict,Strict (Equal Slopes),ri,Random Intercepts,hier_base_strict_ri.rds,b_social_c,social_c,Social Conservatism,Ideology,scalar,global,0.14538073,0.1450702817351875,0.048387570614082366,0.049403854350000005,0.0657402855,0.22490864449999998,0.24049193800000002,0.99775,0.00225
base,Core Baseline,strict,Strict (Equal Slopes),ri,Random Intercepts,hier_base_strict_ri.rds,b_economic_c,economic_c,Economic Conservatism,Ideology,scalar,global,-0.0122524985,-0.011927354668713775,0.048349032063266996,-0.10545017150000001,-0.09005104085,0.06706435309999999,0.085467594775,0.396,0.604
base,Core Baseline,strict,Strict (Equal Slopes),ri,Random Intercepts,hier_base_strict_ri.rds,b_income_c,income_c,Household Income,Demographics,scalar,global,0.019173438,0.0205124417469095,0.0315223706928721,-0.038776629875,-0.02907240475,0.07354652704999996,0.08817535755000001,0.748,0.252
base,Core Baseline,strict,Strict (Equal Slopes),ri,Random Intercepts,hier_base_strict_ri.rds,b_age_c,age_c,Age,Demographics,scalar,global,-0.058662343000000006,-0.0585396368794575,0.0288016453842492,-0.1145090975,-0.1057725505,-0.009913124770000037,-0.0023553762649999913,0.0205,0.9795
base,Core Baseline,strict,Strict (Equal Slopes),ri,Random Intercepts,hier_base_strict_ri.rds,b_arts_c,arts_c,Childhood Arts Socialization,Cultural Capital,scalar,global,-0.036694021,-0.03741108127295025,0.031194609473122834,-0.09742315727499999,-0.08918201704999999,0.013608943749999974,0.023361201775000024,0.10925,0.89075
base,Core Baseline,strict,Strict (Equal Slopes),ri,Random Intercepts,hier_base_strict_ri.rds,b_gend.fWoman,gend.fWoman,Gender: Woman,Demographics,scalar,global,-0.16152767,-0.162282151322275,0.05804519529350807,-0.2809994445,-0.25697710799999995,-0.07120216115,-0.05422282537499999,0.001,0.999
base,Core Baseline,strict,Strict (Equal Slopes),ri,Random Intercepts,hier_base_strict_ri.rds,b_gend.fNonbinaryDOther,gend.fNonbinaryDOther,Gender: Nonbinary / Other,Demographics,scalar,global,-0.28107091,-0.2822498469080025,0.2620370833050934,-0.80993791975,-0.7257482789999999,0.14555932449999978,0.22770906750000008,0.144,0.856
base,Core Baseline,strict,Strict (Equal Slopes),ri,Random Intercepts,hier_base_strict_ri.rds,b_race.fAsian,race.fAsian,Ethnoracial: Asian,Ethnoracial Identification,scalar,global,-0.111026105,-0.113875123090237,0.12031206854109584,-0.3548038755,-0.31451369700000004,0.08085487489999996,0.12137373300000001,0.17025,0.82975
base,Core Baseline,strict,Strict (Equal Slopes),ri,Random Intercepts,hier_base_strict_ri.rds,b_race.fBlack,race.fBlack,Ethnoracial: Black,Ethnoracial Identification,scalar,global,0.036813200500000004,0.034677579010884,0.08692860285924267,-0.13779749474999997,-0.10870013049999999,0.177753775,0.20437746825,0.652,0.348
base,Core Baseline,strict,Strict (Equal Slopes),ri,Random Intercepts,hier_base_strict_ri.rds,b_race.fHispanic,race.fHispanic,Ethnoracial: Hispanic / Latino,Ethnoracial Identification,scalar,global,0.0105266465,0.00527158524033275,0.12200871927564473,-0.2395351885,-0.2003939025,0.19454700899999994,0.23799540500000002,0.532,0.468
base,Core Baseline,strict,Strict (Equal Slopes),ri,Random Intercepts,hier_base_strict_ri.rds,b_race.fMixedOther,race.fMixedOther,Ethnoracial: Mixed Other,Ethnoracial Identification,scalar,global,-0.190346515,-0.193058381878565,0.16755620609439137,-0.5369439524999999,-0.4748638075,0.07874527079999985,0.12658963950000005,0.125,0.875
base,Core Baseline,strict,Strict (Equal Slopes),ri,Random Intercepts,hier_base_strict_ri.rds,b_race.fMixedWhite,race.fMixedWhite,Ethnoracial: Mixed White,Ethnoracial Identification,scalar,global,-0.264229055,-0.264815216771565,0.10167625646092163,-0.4654636535,-0.4313717135,-0.09666709585000012,-0.06548826887499998,0.002,0.998
base,Core Baseline,relaxed,Relaxed CS,ri,Random Intercepts,hier_base_relaxed_ri.rds,b_income_c,income_c,Household Income,Demographics,scalar,global,0.020536213999999997,0.02081993266076025,0.03151656621874792,-0.04224647955,-0.03135102165,0.07216939919999998,0.08309394757500001,0.75175,0.24825
base,Core Baseline,relaxed,Relaxed CS,ri,Random Intercepts,hier_base_relaxed_ri.rds,b_age_c,age_c,Age,Demographics,scalar,global,-0.0582931545,-0.05892961141191075,0.028449222591953604,-0.116899628,-0.10752057799999999,-0.013683879500000003,-0.005306183794999987,0.01875,0.98125
base,Core Baseline,relaxed,Relaxed CS,ri,Random Intercepts,hier_base_relaxed_ri.rds,b_gend.fWoman,gend.fWoman,Gender: Woman,Demographics,scalar,global,-0.17280599,-0.17352262951517,0.057709519592508675,-0.28946689975,-0.26842726950000007,-0.08050251395000001,-0.0632916164,5e-4,0.9995
base,Core Baseline,relaxed,Relaxed CS,ri,Random Intercepts,hier_base_relaxed_ri.rds,b_gend.fNonbinaryDOther,gend.fNonbinaryDOther,Gender: Nonbinary / Other,Demographics,scalar,global,-0.31764438,-0.3163375786513575,0.2563538608361771,-0.8312880345,-0.7465328520000001,0.10437552599999986,0.18067899850000038,0.11125,0.88875
base,Core Baseline,relaxed,Relaxed CS,ri,Random Intercepts,hier_base_relaxed_ri.rds,b_race.fAsian,race.fAsian,Ethnoracial: Asian,Ethnoracial Identification,scalar,global,-0.110165585,-0.11380646383182612,0.12052732602966196,-0.35614387374999995,-0.316823356,0.08134925849999991,0.12710951775000015,0.15875,0.84125
base,Core Baseline,relaxed,Relaxed CS,ri,Random Intercepts,hier_base_relaxed_ri.rds,b_race.fBlack,race.fBlack,Ethnoracial: Black,Ethnoracial Identification,scalar,global,0.034207816,0.03316720286862925,0.08230529582510994,-0.12529288975,-0.1011637205,0.17269838499999998,0.1945437085000001,0.65375,0.34625
base,Core Baseline,relaxed,Relaxed CS,ri,Random Intercepts,hier_base_relaxed_ri.rds,b_race.fHispanic,race.fHispanic,Ethnoracial: Hispanic / Latino,Ethnoracial Identification,scalar,global,-0.0021160919,-0.0044284528396325,0.12394639243196898,-0.254208518,-0.21137256000000001,0.19974048549999995,0.24097050950000004,0.49425,0.50575
base,Core Baseline,relaxed,Relaxed CS,ri,Random Intercepts,hier_base_relaxed_ri.rds,b_race.fMixedOther,race.fMixedOther,Ethnoracial: Mixed Other,Ethnoracial Identification,scalar,global,-0.19857309,-0.19733952664176574,0.17855732552388293,-0.54309460925,-0.48986061950000004,0.09503863679999983,0.14397202800000014,0.1355,0.8645
base,Core Baseline,relaxed,Relaxed CS,ri,Random Intercepts,hier_base_relaxed_ri.rds,b_race.fMixedWhite,race.fMixedWhite,Ethnoracial: Mixed White,Ethnoracial Identification,scalar,global,-0.28362811,-0.284842111815275,0.10525444144302781,-0.48301329875,-0.45829290800000005,-0.11024160850000021,-0.078346819575,0.00125,0.99875
base,Core Baseline,relaxed,Relaxed CS,ri,Random Intercepts,hier_base_relaxed_ri.rds,bcs_educ_c_avg,educ_c,Educational Attainment,Cultural Capital,cs_average,mean_1_6,0.11525058841666666,0.1147429700380003,0.03353538735469874,0.048409079950833336,0.05732071273916667,0.1673920525166666,0.17846767925833334,1,0
base,Core Baseline,relaxed,Relaxed CS,ri,Random Intercepts,hier_base_relaxed_ri.rds,bcs_educ_c[1],educ_c,Educational Attainment,Cultural Capital,cs_step,1,0.126577125,0.1255084164218525,0.04297685297066236,0.039974031024999995,0.05455272345,0.19507295899999993,0.211201246,0.99775,0.00225
base,Core Baseline,relaxed,Relaxed CS,ri,Random Intercepts,hier_base_relaxed_ri.rds,bcs_educ_c[2],educ_c,Educational Attainment,Cultural Capital,cs_step,2,0.10248438,0.10173624928114,0.045340270742292764,0.013753188300000007,0.0278571773,0.177712781,0.1915694175,0.98675,0.01325
base,Core Baseline,relaxed,Relaxed CS,ri,Random Intercepts,hier_base_relaxed_ri.rds,bcs_educ_c[3],educ_c,Educational Attainment,Cultural Capital,cs_step,3,0.053143459000000004,0.05249090300739525,0.04396520889803448,-0.03390081075,-0.019605678149999996,0.1241857739999999,0.13815541375,0.87975,0.12025
base,Core Baseline,relaxed,Relaxed CS,ri,Random Intercepts,hier_base_relaxed_ri.rds,bcs_educ_c[4],educ_c,Educational Attainment,Cultural Capital,cs_step,4,0.25208273000000003,0.25242283842075,0.04749208639710533,0.15951300599999998,0.1739986085,0.33167712650000003,0.34684578475,1,0
base,Core Baseline,relaxed,Relaxed CS,ri,Random Intercepts,hier_base_relaxed_ri.rds,bcs_educ_c[5],educ_c,Educational Attainment,Cultural Capital,cs_step,5,0.13117602,0.130928872667725,0.05292954738779657,0.028917106375000005,0.0443524602,0.21877080399999996,0.233530722,0.993,0.007
base,Core Baseline,relaxed,Relaxed CS,ri,Random Intercepts,hier_base_relaxed_ri.rds,bcs_educ_c[6],educ_c,Educational Attainment,Cultural Capital,cs_step,6,0.025571674000000003,0.025370540429139023,0.0557814463944032,-0.082518875725,-0.06504536609999999,0.11398370799999999,0.13219380900000002,0.66525,0.33475
base,Core Baseline,relaxed,Relaxed CS,ri,Random Intercepts,hier_base_relaxed_ri.rds,bcs_peduc_c_avg,peduc_c,Parental Education,Cultural Capital,cs_average,mean_1_6,-0.03363724126666667,-0.03341978135791741,0.035861973666928275,-0.10202351308708334,-0.09178242176666666,0.02648115832,0.03880955532416669,0.16925,0.83075
base,Core Baseline,relaxed,Relaxed CS,ri,Random Intercepts,hier_base_relaxed_ri.rds,bcs_peduc_c[1],peduc_c,Parental Education,Cultural Capital,cs_step,1,-0.0031484844999999997,-0.0030563087383809998,0.0453831757955742,-0.090666793125,-0.07644968625,0.07077405889999998,0.08732010925000003,0.469,0.531
base,Core Baseline,relaxed,Relaxed CS,ri,Random Intercepts,hier_base_relaxed_ri.rds,bcs_peduc_c[2],peduc_c,Parental Education,Cultural Capital,cs_step,2,-0.013357459,-0.01273279321612845,0.04813033316950098,-0.10731027225,-0.0907319745,0.06799847519999999,0.0821726116,0.38675,0.61325
base,Core Baseline,relaxed,Relaxed CS,ri,Random Intercepts,hier_base_relaxed_ri.rds,bcs_peduc_c[3],peduc_c,Parental Education,Cultural Capital,cs_step,3,-0.06805375999999999,-0.0679982867813525,0.047022156329984834,-0.15999608375,-0.1447274275,0.010502938299999993,0.024504657274999998,0.07475,0.92525
base,Core Baseline,relaxed,Relaxed CS,ri,Random Intercepts,hier_base_relaxed_ri.rds,bcs_peduc_c[4],peduc_c,Parental Education,Cultural Capital,cs_step,4,0.11393413499999999,0.1139320544398775,0.04911384552545018,0.016286879825000006,0.0316205712,0.195004482,0.20921358075000002,0.9885,0.0115
base,Core Baseline,relaxed,Relaxed CS,ri,Random Intercepts,hier_base_relaxed_ri.rds,bcs_peduc_c[5],peduc_c,Parental Education,Cultural Capital,cs_step,5,-0.12703086,-0.12663150118742,0.0544347550376862,-0.23265358425,-0.21561712049999998,-0.0374023886,-0.020240269,0.01025,0.98975
base,Core Baseline,relaxed,Relaxed CS,ri,Random Intercepts,hier_base_relaxed_ri.rds,bcs_peduc_c[6],peduc_c,Parental Education,Cultural Capital,cs_step,6,-0.104183155,-0.1040318526641,0.05864849789409084,-0.21827855499999999,-0.20003388900000002,-0.00907432757,0.011357855000000002,0.038,0.962
base,Core Baseline,relaxed,Relaxed CS,ri,Random Intercepts,hier_base_relaxed_ri.rds,bcs_social_c_avg,social_c,Social Conservatism,Ideology,cs_average,mean_1_6,0.18342544591666665,0.18395951402053934,0.05006351858217425,0.08788556263583333,0.10084482319333334,0.267992660075,0.2838506199625,1,0
base,Core Baseline,relaxed,Relaxed CS,ri,Random Intercepts,hier_base_relaxed_ri.rds,bcs_social_c[1],social_c,Social Conservatism,Ideology,cs_step,1,-0.0619236115,-0.0612739616374695,0.065412971022294375,-0.18565577675,-0.16429762,0.046236803049999955,0.06567765370000005,0.1765,0.8235
base,Core Baseline,relaxed,Relaxed CS,ri,Random Intercepts,hier_base_relaxed_ri.rds,bcs_social_c[2],social_c,Social Conservatism,Ideology,cs_step,2,0.08071671650000001,0.080661071247628,0.06903238577375632,-0.05359711339999999,-0.03279756265,0.19650589949999994,0.21675271175000002,0.878,0.122
base,Core Baseline,relaxed,Relaxed CS,ri,Random Intercepts,hier_base_relaxed_ri.rds,bcs_social_c[3],social_c,Social Conservatism,Ideology,cs_step,3,0.133952795,0.1334607562300525,0.06823516135821288,-5.677495852499969e-4,0.02003604495,0.24506559,0.26852698025,0.97425,0.02575
base,Core Baseline,relaxed,Relaxed CS,ri,Random Intercepts,hier_base_relaxed_ri.rds,bcs_social_c[4],social_c,Social Conservatism,Ideology,cs_step,4,0.16504636,0.165644943339775,0.07081400632286385,0.0251519584,0.04748097225000001,0.28198324699999994,0.30399492750000007,0.98975,0.01025
base,Core Baseline,relaxed,Relaxed CS,ri,Random Intercepts,hier_base_relaxed_ri.rds,bcs_social_c[5],social_c,Social Conservatism,Ideology,cs_step,5,0.277545595,0.27875561182825,0.07697973382000661,0.12985615150000002,0.1513526875,0.4057012019999999,0.42926298850000005,1,0
base,Core Baseline,relaxed,Relaxed CS,ri,Random Intercepts,hier_base_relaxed_ri.rds,bcs_social_c[6],social_c,Social Conservatism,Ideology,cs_step,6,0.5056648100000001,0.506508663115,0.08442704092218267,0.34006487625000004,0.366765293,0.6454757729999999,0.6719319837500001,1,0
base,Core Baseline,relaxed,Relaxed CS,ri,Random Intercepts,hier_base_relaxed_ri.rds,bcs_economic_c_avg,economic_c,Economic Conservatism,Ideology,cs_average,mean_1_6,-0.03779018518333333,-0.038274903088245243,0.050296369933972684,-0.13695091330833334,-0.12118738055833334,0.04335669068083323,0.05978734117500003,0.2245,0.7755
base,Core Baseline,relaxed,Relaxed CS,ri,Random Intercepts,hier_base_relaxed_ri.rds,bcs_economic_c[1],economic_c,Economic Conservatism,Ideology,cs_step,1,0.09357464500000001,0.09359902165041575,0.06611562149090439,-0.033380533025,-0.014871074749999998,0.20129627949999987,0.22825979650000008,0.92425,0.07575
base,Core Baseline,relaxed,Relaxed CS,ri,Random Intercepts,hier_base_relaxed_ri.rds,bcs_economic_c[2],economic_c,Economic Conservatism,Ideology,cs_step,2,0.0028062815,0.00111346892963375,0.06896238816038394,-0.13293461325,-0.11246601149999999,0.11290993549999995,0.1345982850000001,0.51275,0.48725
base,Core Baseline,relaxed,Relaxed CS,ri,Random Intercepts,hier_base_relaxed_ri.rds,bcs_economic_c[3],economic_c,Economic Conservatism,Ideology,cs_step,3,0.024420585,0.02543508517019225,0.06897793872563555,-0.11169107874999999,-0.0893956426,0.14097970949999997,0.160226508,0.64175,0.35825
base,Core Baseline,relaxed,Relaxed CS,ri,Random Intercepts,hier_base_relaxed_ri.rds,bcs_economic_c[4],economic_c,Economic Conservatism,Ideology,cs_step,4,0.048908372000000006,0.04736516861038625,0.07092082527588477,-0.09099372585,-0.07120189009999998,0.16320152699999996,0.18749822600000002,0.7465,0.2535
base,Core Baseline,relaxed,Relaxed CS,ri,Random Intercepts,hier_base_relaxed_ri.rds,bcs_economic_c[5],economic_c,Economic Conservatism,Ideology,cs_step,5,-0.0985487905,-0.09848788925589945,0.07835827073907767,-0.24888079175,-0.227854765,0.030465566849999834,0.05544030282500001,0.108,0.892
base,Core Baseline,relaxed,Relaxed CS,ri,Random Intercepts,hier_base_relaxed_ri.rds,bcs_economic_c[6],economic_c,Economic Conservatism,Ideology,cs_step,6,-0.29762728,-0.2986742736342,0.0842258137143417,-0.46923217300000003,-0.439351004,-0.160864481,-0.13590021424999998,2.5e-4,0.99975
base,Core Baseline,relaxed,Relaxed CS,ri,Random Intercepts,hier_base_relaxed_ri.rds,bcs_arts_c_avg,arts_c,Childhood Arts Socialization,Cultural Capital,cs_average,mean_1_6,-0.03241671224999999,-0.03258142458474645,0.032415604881987074,-0.09604458555833333,-0.08594473124166667,0.02038495827833333,0.030054507976250016,0.15675,0.84325
base,Core Baseline,relaxed,Relaxed CS,ri,Random Intercepts,hier_base_relaxed_ri.rds,bcs_arts_c[1],arts_c,Childhood Arts Socialization,Cultural Capital,cs_step,1,-0.071882311,-0.07160275385363475,0.04172300891801506,-0.15187526725,-0.1389781545,-0.0014662811350000056,0.011211761275000037,0.04525,0.95475
base,Core Baseline,relaxed,Relaxed CS,ri,Random Intercepts,hier_base_relaxed_ri.rds,bcs_arts_c[2],arts_c,Childhood Arts Socialization,Cultural Capital,cs_step,2,0.010891937,0.01082356066367525,0.0436618071065622,-0.073464868125,-0.060841573749999996,0.08304333814999994,0.09594745702500002,0.599,0.401
base,Core Baseline,relaxed,Relaxed CS,ri,Random Intercepts,hier_base_relaxed_ri.rds,bcs_arts_c[3],arts_c,Childhood Arts Socialization,Cultural Capital,cs_step,3,-0.044320737,-0.04369122837908525,0.04456429801357885,-0.13059746200000003,-0.1165700205,0.03148610564999998,0.04501403637500002,0.16025,0.83975
base,Core Baseline,relaxed,Relaxed CS,ri,Random Intercepts,hier_base_relaxed_ri.rds,bcs_arts_c[4],arts_c,Childhood Arts Socialization,Cultural Capital,cs_step,4,-0.057673942000000006,-0.05755210316326113,0.045990775192605596,-0.14909249300000002,-0.1335266175,0.018065217299999995,0.03254469877500003,0.09925,0.90075
base,Core Baseline,relaxed,Relaxed CS,ri,Random Intercepts,hier_base_relaxed_ri.rds,bcs_arts_c[5],arts_c,Childhood Arts Socialization,Cultural Capital,cs_step,5,0.00556079705,0.006138932270080915,0.05214226845706921,-0.096099973375,-0.07979690729999998,0.09245602834999996,0.10954853075000003,0.544,0.456
base,Core Baseline,relaxed,Relaxed CS,ri,Random Intercepts,hier_base_relaxed_ri.rds,bcs_arts_c[6],arts_c,Childhood Arts Socialization,Cultural Capital,cs_step,6,-0.0391081935,-0.03960495504625375,0.05509531917410369,-0.1471342685,-0.12943789349999998,0.04810304304999999,0.06329514535000001,0.24625,0.75375
base,Core Baseline,strict,Strict (Equal Slopes),rs,Crossed Random Slopes,hier_base_strict_rs.rds,b_educ_c,educ_c,Educational Attainment,Cultural Capital,scalar,global,0.12237122,0.121343777166275,0.03515797871973493,0.0517512634,0.06265141905,0.178378726,0.18851658775000005,0.99975,2.5e-4
base,Core Baseline,strict,Strict (Equal Slopes),rs,Crossed Random Slopes,hier_base_strict_rs.rds,b_peduc_c,peduc_c,Parental Education,Cultural Capital,scalar,global,-0.022775240000000002,-0.0225921773521275,0.03290906619557435,-0.085886021625,-0.07577169289999999,0.03157047344999999,0.043991981725000004,0.241,0.759
base,Core Baseline,strict,Strict (Equal Slopes),rs,Crossed Random Slopes,hier_base_strict_rs.rds,b_social_c,social_c,Social Conservatism,Ideology,scalar,global,0.148434265,0.148597651854875,0.05220437120168696,0.047765346150000006,0.06373296460000001,0.23425056349999998,0.25062471125,0.9985,0.0015
base,Core Baseline,strict,Strict (Equal Slopes),rs,Crossed Random Slopes,hier_base_strict_rs.rds,b_economic_c,economic_c,Economic Conservatism,Ideology,scalar,global,-0.0178201105,-0.016289831227775546,0.05004027166285759,-0.113753401,-0.09829524869999999,0.06556446439999997,0.08427976802500003,0.364,0.636
base,Core Baseline,strict,Strict (Equal Slopes),rs,Crossed Random Slopes,hier_base_strict_rs.rds,b_income_c,income_c,Household Income,Demographics,scalar,global,0.022287442499999997,0.022113370885381824,0.03304703013013847,-0.043115386425,-0.032500106699999996,0.07644527959999996,0.08605426405000001,0.75075,0.24925
base,Core Baseline,strict,Strict (Equal Slopes),rs,Crossed Random Slopes,hier_base_strict_rs.rds,b_age_c,age_c,Age,Demographics,scalar,global,-0.062213401,-0.062137612315672074,0.028737012655254888,-0.11912364,-0.11060520300000001,-0.014355687800000003,-0.004578717644999993,0.018,0.982
base,Core Baseline,strict,Strict (Equal Slopes),rs,Crossed Random Slopes,hier_base_strict_rs.rds,b_arts_c,arts_c,Childhood Arts Socialization,Cultural Capital,scalar,global,-0.034935308,-0.0350625606153405,0.03504942705225645,-0.10386819275,-0.0930201894,0.022544304299999887,0.034369674100000004,0.1605,0.8395
base,Core Baseline,strict,Strict (Equal Slopes),rs,Crossed Random Slopes,hier_base_strict_rs.rds,b_gend.fWoman,gend.fWoman,Gender: Woman,Demographics,scalar,global,-0.16176932500000002,-0.160544607289075,0.05734488286315285,-0.27326225325000003,-0.25337928649999997,-0.06416639430000004,-0.047043852124999994,0.003,0.997
base,Core Baseline,strict,Strict (Equal Slopes),rs,Crossed Random Slopes,hier_base_strict_rs.rds,b_gend.fNonbinaryDOther,gend.fNonbinaryDOther,Gender: Nonbinary / Other,Demographics,scalar,global,-0.29631868,-0.2959262725025335,0.2632347878885901,-0.82744926425,-0.7241129884999999,0.13945159399999993,0.21918129950000012,0.12825,0.87175
base,Core Baseline,strict,Strict (Equal Slopes),rs,Crossed Random Slopes,hier_base_strict_rs.rds,b_race.fAsian,race.fAsian,Ethnoracial: Asian,Ethnoracial Identification,scalar,global,-0.11297104,-0.114368504997255,0.12115548229394651,-0.350903152,-0.316808712,0.0835179809499999,0.116219621,0.171,0.829
base,Core Baseline,strict,Strict (Equal Slopes),rs,Crossed Random Slopes,hier_base_strict_rs.rds,b_race.fBlack,race.fBlack,Ethnoracial: Black,Ethnoracial Identification,scalar,global,0.021473757500000003,0.020038007488335775,0.08597688600383459,-0.15160518174999998,-0.123700048,0.15897577199999993,0.18570285125000002,0.60025,0.39975
base,Core Baseline,strict,Strict (Equal Slopes),rs,Crossed Random Slopes,hier_base_strict_rs.rds,b_race.fHispanic,race.fHispanic,Ethnoracial: Hispanic / Latino,Ethnoracial Identification,scalar,global,0.0105465785,0.00986290239558505,0.12501547757948725,-0.24018275149999999,-0.1993378075,0.21414444999999993,0.24832678025000007,0.53175,0.46825
base,Core Baseline,strict,Strict (Equal Slopes),rs,Crossed Random Slopes,hier_base_strict_rs.rds,b_race.fMixedOther,race.fMixedOther,Ethnoracial: Mixed Other,Ethnoracial Identification,scalar,global,-0.19230241,-0.1965770450303745,0.17445281765544826,-0.552760159,-0.49846965499999996,0.08979490274999992,0.146311044,0.12175,0.87825
base,Core Baseline,strict,Strict (Equal Slopes),rs,Crossed Random Slopes,hier_base_strict_rs.rds,b_race.fMixedWhite,race.fMixedWhite,Ethnoracial: Mixed White,Ethnoracial Identification,scalar,global,-0.28001573,-0.280864087709125,0.10087701841236069,-0.47892167375000005,-0.4508257585,-0.11406121350000004,-0.08802816957499997,0.00125,0.99875
base,Core Baseline,relaxed,Relaxed CS,rs,Crossed Random Slopes,hier_base_relaxed_rs.rds,b_income_c,income_c,Household Income,Demographics,scalar,global,0.0219941895,0.021898375325866,0.03269613645454202,-0.043655539099999995,-0.031711861749999994,0.0755170702,0.0860860946,0.7485,0.2515
base,Core Baseline,relaxed,Relaxed CS,rs,Crossed Random Slopes,hier_base_relaxed_rs.rds,b_age_c,age_c,Age,Demographics,scalar,global,-0.0570190125,-0.057446390673312,0.03097521732940656,-0.11831434675000001,-0.10878415100000001,-0.006970752675000003,0.0025218286650000132,0.0295,0.9705
base,Core Baseline,relaxed,Relaxed CS,rs,Crossed Random Slopes,hier_base_relaxed_rs.rds,b_gend.fWoman,gend.fWoman,Gender: Woman,Demographics,scalar,global,-0.17774678500000002,-0.179495184231,0.059468976985389825,-0.2981170825,-0.27772503150000005,-0.0813847421,-0.063259688175,7.5e-4,0.99925
base,Core Baseline,relaxed,Relaxed CS,rs,Crossed Random Slopes,hier_base_relaxed_rs.rds,b_gend.fNonbinaryDOther,gend.fNonbinaryDOther,Gender: Nonbinary / Other,Demographics,scalar,global,-0.336390445,-0.3407768685584225,0.27231384334516423,-0.8805823625000001,-0.8022729049999999,0.10257384249999997,0.17662613900000002,0.105,0.895
base,Core Baseline,relaxed,Relaxed CS,rs,Crossed Random Slopes,hier_base_relaxed_rs.rds,b_race.fAsian,race.fAsian,Ethnoracial: Asian,Ethnoracial Identification,scalar,global,-0.0980189605,-0.095984685916375,0.12851759859692144,-0.35575271225,-0.30610063949999994,0.11523576099999996,0.157575045,0.22325,0.77675
base,Core Baseline,relaxed,Relaxed CS,rs,Crossed Random Slopes,hier_base_relaxed_rs.rds,b_race.fBlack,race.fBlack,Ethnoracial: Black,Ethnoracial Identification,scalar,global,0.03252699,0.035829089005121,0.08833073517172013,-0.129006719,-0.10643843899999998,0.18421557549999992,0.21335675350000005,0.65225,0.34775
base,Core Baseline,relaxed,Relaxed CS,rs,Crossed Random Slopes,hier_base_relaxed_rs.rds,b_race.fHispanic,race.fHispanic,Ethnoracial: Hispanic / Latino,Ethnoracial Identification,scalar,global,0.0031267012,0.0038289442016384997,0.1275065057285554,-0.24098324699999998,-0.204020735,0.21431445099999993,0.2522331300000001,0.51,0.49
base,Core Baseline,relaxed,Relaxed CS,rs,Crossed Random Slopes,hier_base_relaxed_rs.rds,b_race.fMixedOther,race.fMixedOther,Ethnoracial: Mixed Other,Ethnoracial Identification,scalar,global,-0.203601815,-0.204743181491014,0.1738271359989235,-0.5453488592500001,-0.490156116,0.07941144389999996,0.1298302255000001,0.1185,0.8815
base,Core Baseline,relaxed,Relaxed CS,rs,Crossed Random Slopes,hier_base_relaxed_rs.rds,b_race.fMixedWhite,race.fMixedWhite,Ethnoracial: Mixed White,Ethnoracial Identification,scalar,global,-0.28076919499999997,-0.283535802992175,0.10689497303571995,-0.49716340049999996,-0.4586132295,-0.10765103150000017,-0.07250851897499992,0.00225,0.99775
base,Core Baseline,relaxed,Relaxed CS,rs,Crossed Random Slopes,hier_base_relaxed_rs.rds,bcs_educ_c_avg,educ_c,Educational Attainment,Cultural Capital,cs_average,mean_1_6,0.11588664966666667,0.11671672514314851,0.037423683387032544,0.044401620743333335,0.05686438658916668,0.17812714265,0.19008896898333336,0.9995,5e-4
base,Core Baseline,relaxed,Relaxed CS,rs,Crossed Random Slopes,hier_base_relaxed_rs.rds,bcs_educ_c[1],educ_c,Educational Attainment,Cultural Capital,cs_step,1,0.119436575,0.12070065584002025,0.04521815702289686,0.034580624075000004,0.047041606550000004,0.195888065,0.209800977,0.99475,0.00525
base,Core Baseline,relaxed,Relaxed CS,rs,Crossed Random Slopes,hier_base_relaxed_rs.rds,bcs_educ_c[2],educ_c,Educational Attainment,Cultural Capital,cs_step,2,0.10036007499999999,0.09941463009586435,0.04812460564332499,0.004303479217500003,0.0187746607,0.177307187,0.19246437775000003,0.97875,0.02125
base,Core Baseline,relaxed,Relaxed CS,rs,Crossed Random Slopes,hier_base_relaxed_rs.rds,bcs_educ_c[3],educ_c,Educational Attainment,Cultural Capital,cs_step,3,0.0535096785,0.0533669806221475,0.047643873191789005,-0.039028288499999994,-0.0239815983,0.13267811749999997,0.14784317950000006,0.8675,0.1325
base,Core Baseline,relaxed,Relaxed CS,rs,Crossed Random Slopes,hier_base_relaxed_rs.rds,bcs_educ_c[4],educ_c,Educational Attainment,Cultural Capital,cs_step,4,0.25322242500000003,0.25546454239275,0.05015898206841773,0.15972824100000002,0.174327351,0.3406370115,0.35629309950000004,1,0
base,Core Baseline,relaxed,Relaxed CS,rs,Crossed Random Slopes,hier_base_relaxed_rs.rds,bcs_educ_c[5],educ_c,Educational Attainment,Cultural Capital,cs_step,5,0.135383705,0.1362672268026075,0.0558431649785718,0.029916433175,0.0451309666,0.22898151699999994,0.24880062049999999,0.99475,0.00525
base,Core Baseline,relaxed,Relaxed CS,rs,Crossed Random Slopes,hier_base_relaxed_rs.rds,bcs_educ_c[6],educ_c,Educational Attainment,Cultural Capital,cs_step,6,0.0360541925,0.0350863151055015,0.05793638269511398,-0.07790049069999999,-0.061567963499999996,0.1281592475,0.14806031075,0.7255,0.2745
base,Core Baseline,relaxed,Relaxed CS,rs,Crossed Random Slopes,hier_base_relaxed_rs.rds,bcs_peduc_c_avg,peduc_c,Parental Education,Cultural Capital,cs_average,mean_1_6,-0.039835255309166664,-0.04005809597164164,0.03502010240171171,-0.1100803956925,-0.09755535665083333,0.016869783456666638,0.026821542420833337,0.125,0.875
base,Core Baseline,relaxed,Relaxed CS,rs,Crossed Random Slopes,hier_base_relaxed_rs.rds,bcs_peduc_c[1],peduc_c,Parental Education,Cultural Capital,cs_step,1,0.00669758015,0.006457952852796,0.044236087111576554,-0.081059783375,-0.06661351625,0.07904657854999994,0.09193316055,0.5595,0.4405
base,Core Baseline,relaxed,Relaxed CS,rs,Crossed Random Slopes,hier_base_relaxed_rs.rds,bcs_peduc_c[2],peduc_c,Parental Education,Cultural Capital,cs_step,2,-0.00727881065,-0.007991346274362075,0.0472465034335897,-0.10253071775,-0.08700333565,0.06917255705,0.08511316812500001,0.43975,0.56025
base,Core Baseline,relaxed,Relaxed CS,rs,Crossed Random Slopes,hier_base_relaxed_rs.rds,bcs_peduc_c[3],peduc_c,Parental Education,Cultural Capital,cs_step,3,-0.0695746115,-0.06899403347596125,0.04676699254600666,-0.15965015275,-0.145424982,0.00885221543499997,0.022688110075000004,0.0765,0.9235
base,Core Baseline,relaxed,Relaxed CS,rs,Crossed Random Slopes,hier_base_relaxed_rs.rds,bcs_peduc_c[4],peduc_c,Parental Education,Cultural Capital,cs_step,4,0.10398641,0.10419739414061,0.048366585817180854,0.009606148460000003,0.026196147500000006,0.18349872999999997,0.19986913925000002,0.984,0.016
base,Core Baseline,relaxed,Relaxed CS,rs,Crossed Random Slopes,hier_base_relaxed_rs.rds,bcs_peduc_c[5],peduc_c,Parental Education,Cultural Capital,cs_step,5,-0.14441785499999998,-0.14300097706893,0.054578907056098636,-0.25004250125,-0.23436174399999998,-0.05322265915,-0.03445068085,0.0035,0.9965
base,Core Baseline,relaxed,Relaxed CS,rs,Crossed Random Slopes,hier_base_relaxed_rs.rds,bcs_peduc_c[6],peduc_c,Parental Education,Cultural Capital,cs_step,6,-0.13102501500000002,-0.1310175660040025,0.05853156926861788,-0.24405878875,-0.2275127665,-0.03619641875000002,-0.01807845652499998,0.01125,0.98875
base,Core Baseline,relaxed,Relaxed CS,rs,Crossed Random Slopes,hier_base_relaxed_rs.rds,bcs_social_c_avg,social_c,Social Conservatism,Ideology,cs_average,mean_1_6,0.19262475141666668,0.19401978543346735,0.05412951315635427,0.0913985846,0.10714085391666668,0.28647305718416666,0.3055257117166667,1,0
base,Core Baseline,relaxed,Relaxed CS,rs,Crossed Random Slopes,hier_base_relaxed_rs.rds,bcs_social_c[1],social_c,Social Conservatism,Ideology,cs_step,1,-0.102931625,-0.10240525194843675,0.07115940762614405,-0.2429435325,-0.2193111325,0.014274338249999994,0.0383330407,0.07425,0.92575
base,Core Baseline,relaxed,Relaxed CS,rs,Crossed Random Slopes,hier_base_relaxed_rs.rds,bcs_social_c[2],social_c,Social Conservatism,Ideology,cs_step,2,0.055815055,0.05643737060819338,0.07331903158105237,-0.08494691449999998,-0.06249536519999999,0.1790737555,0.20169467075000003,0.771,0.229
base,Core Baseline,relaxed,Relaxed CS,rs,Crossed Random Slopes,hier_base_relaxed_rs.rds,bcs_social_c[3],social_c,Social Conservatism,Ideology,cs_step,3,0.126179635,0.127104233971475,0.07071426242712082,-0.0068694171575,0.011624202400000002,0.2450735655,0.2676139435,0.96775,0.03225
base,Core Baseline,relaxed,Relaxed CS,rs,Crossed Random Slopes,hier_base_relaxed_rs.rds,bcs_social_c[4],social_c,Social Conservatism,Ideology,cs_step,4,0.180845275,0.1818934908390225,0.07224640117510134,0.042693050225,0.0652377139,0.302535874,0.3238523320000001,0.9955,0.0045
base,Core Baseline,relaxed,Relaxed CS,rs,Crossed Random Slopes,hier_base_relaxed_rs.rds,bcs_social_c[5],social_c,Social Conservatism,Ideology,cs_step,5,0.323106575,0.32325842193805,0.08133395155457578,0.16780251275,0.19167262550000003,0.4537629704999999,0.4797944552500001,0.99975,2.5e-4
base,Core Baseline,relaxed,Relaxed CS,rs,Crossed Random Slopes,hier_base_relaxed_rs.rds,bcs_social_c[6],social_c,Social Conservatism,Ideology,cs_step,6,0.575771555,0.5778304471925,0.08799868258439171,0.40828005875,0.436470113,0.7242039629999997,0.758385489,1,0
base,Core Baseline,relaxed,Relaxed CS,rs,Crossed Random Slopes,hier_base_relaxed_rs.rds,bcs_economic_c_avg,economic_c,Economic Conservatism,Ideology,cs_average,mean_1_6,-0.04285920040833334,-0.04285561164695425,0.05181983553232718,-0.15069479363125,-0.12884971837416667,0.04109219817499999,0.058400072133333335,0.20025,0.79975
base,Core Baseline,relaxed,Relaxed CS,rs,Crossed Random Slopes,hier_base_relaxed_rs.rds,bcs_economic_c[1],economic_c,Economic Conservatism,Ideology,cs_step,1,0.0989583295,0.098749206591768,0.06788544467057238,-0.039763364249999995,-0.014360105,0.21117930049999997,0.23165771250000003,0.92875,0.07125
base,Core Baseline,relaxed,Relaxed CS,rs,Crossed Random Slopes,hier_base_relaxed_rs.rds,bcs_economic_c[2],economic_c,Economic Conservatism,Ideology,cs_step,2,0.00632276815,0.004867523177454,0.0709076726209955,-0.135931414,-0.11392371500000001,0.11768253949999996,0.143527714,0.53225,0.46775
base,Core Baseline,relaxed,Relaxed CS,rs,Crossed Random Slopes,hier_base_relaxed_rs.rds,bcs_economic_c[3],economic_c,Economic Conservatism,Ideology,cs_step,3,0.024785202,0.02492375434025175,0.06928285544064937,-0.11323383624999998,-0.09097438149999999,0.13612109149999996,0.15477540550000002,0.6395,0.3605
base,Core Baseline,relaxed,Relaxed CS,rs,Crossed Random Slopes,hier_base_relaxed_rs.rds,bcs_economic_c[4],economic_c,Economic Conservatism,Ideology,cs_step,4,0.0429704965,0.04214283368658425,0.07154909171359732,-0.099976721,-0.07797312625,0.1592905324999999,0.181771995,0.728,0.272
base,Core Baseline,relaxed,Relaxed CS,rs,Crossed Random Slopes,hier_base_relaxed_rs.rds,bcs_economic_c[5],economic_c,Economic Conservatism,Ideology,cs_step,5,-0.11171698,-0.1110680527567835,0.08067480738057053,-0.27642279200000003,-0.2438675135,0.019817460849999927,0.04419828877500001,0.0825,0.9175
base,Core Baseline,relaxed,Relaxed CS,rs,Crossed Random Slopes,hier_base_relaxed_rs.rds,bcs_economic_c[6],economic_c,Economic Conservatism,Ideology,cs_step,6,-0.3167563,-0.316748934921,0.08792224483942856,-0.488771662,-0.45881189499999997,-0.17368852350000005,-0.14754652149999997,2.5e-4,0.99975
base,Core Baseline,relaxed,Relaxed CS,rs,Crossed Random Slopes,hier_base_relaxed_rs.rds,bcs_arts_c_avg,arts_c,Childhood Arts Socialization,Cultural Capital,cs_average,mean_1_6,-0.033847470975,-0.03411281540251776,0.035317247804403026,-0.10477102847916667,-0.09364860458333334,0.02450020510833326,0.03483295801250002,0.164,0.836
base,Core Baseline,relaxed,Relaxed CS,rs,Crossed Random Slopes,hier_base_relaxed_rs.rds,bcs_arts_c[1],arts_c,Childhood Arts Socialization,Cultural Capital,cs_step,1,-0.090792342,-0.09073114016519125,0.04391597036798362,-0.17725780824999998,-0.16313143349999998,-0.018105749700000003,-0.004416673952499984,0.02,0.98
base,Core Baseline,relaxed,Relaxed CS,rs,Crossed Random Slopes,hier_base_relaxed_rs.rds,bcs_arts_c[2],arts_c,Childhood Arts Socialization,Cultural Capital,cs_step,2,-9.406362e-4,-0.00244562923859875,0.0471446196981542,-0.093704945175,-0.079497117,0.07486799754999997,0.08720936175000005,0.49075,0.50925
base,Core Baseline,relaxed,Relaxed CS,rs,Crossed Random Slopes,hier_base_relaxed_rs.rds,bcs_arts_c[3],arts_c,Childhood Arts Socialization,Cultural Capital,cs_step,3,-0.050220028,-0.05005765225281617,0.0463028896721094,-0.14189278225000002,-0.1243848955,0.02523744024999998,0.03821184560000001,0.1405,0.8595
base,Core Baseline,relaxed,Relaxed CS,rs,Crossed Random Slopes,hier_base_relaxed_rs.rds,bcs_arts_c[4],arts_c,Childhood Arts Socialization,Cultural Capital,cs_step,4,-0.053865168500000005,-0.05449847234464475,0.04777264120900342,-0.1484347985,-0.1337285335,0.022366386849999934,0.03809740517500001,0.1265,0.8735
base,Core Baseline,relaxed,Relaxed CS,rs,Crossed Random Slopes,hier_base_relaxed_rs.rds,bcs_arts_c[5],arts_c,Childhood Arts Socialization,Cultural Capital,cs_step,5,0.0158356475,0.0155426673980588,0.0549419415072153,-0.09554416897500001,-0.0764030302,0.105411563,0.12179769350000008,0.61525,0.38475
base,Core Baseline,relaxed,Relaxed CS,rs,Crossed Random Slopes,hier_base_relaxed_rs.rds,bcs_arts_c[6],arts_c,Childhood Arts Socialization,Cultural Capital,cs_step,6,-0.021902794500000003,-0.022486665811914452,0.057552026869263875,-0.1362726075,-0.1163622315,0.07136974709999999,0.08973037775,0.35225,0.64775
practices,Dining Practices,strict,Strict (Equal Slopes),ri,Random Intercepts,hier_practices_strict_ri.rds,b_educ_c,educ_c,Educational Attainment,Cultural Capital,scalar,global,0.05267445,0.0526221797174,0.03463531612935596,-0.0132438075,-0.003371225,0.10949389999999998,0.11818622500000002,0.93825,0.06175
practices,Dining Practices,strict,Strict (Equal Slopes),ri,Random Intercepts,hier_practices_strict_ri.rds,b_peduc_c,peduc_c,Parental Education,Cultural Capital,scalar,global,-0.01991055,-0.020328440776325,0.032711742630202316,-0.08377164749999999,-0.073750205,0.033844864999999884,0.04291676000000001,0.2705,0.7295
practices,Dining Practices,strict,Strict (Equal Slopes),ri,Random Intercepts,hier_practices_strict_ri.rds,b_arts_c,arts_c,Childhood Arts Socialization,Cultural Capital,scalar,global,-0.08908579999999999,-0.08930193381175,0.03206079123771052,-0.15070495,-0.14043465,-0.03775191500000001,-0.02525208499999999,0.00275,0.99725
practices,Dining Practices,strict,Strict (Equal Slopes),ri,Random Intercepts,hier_practices_strict_ri.rds,b_social_c,social_c,Social Conservatism,Ideology,scalar,global,0.106544,0.107789996198,0.04498668337932631,0.02020261,0.03624024,0.18443349999999994,0.19859622500000002,0.99275,0.00725
practices,Dining Practices,strict,Strict (Equal Slopes),ri,Random Intercepts,hier_practices_strict_ri.rds,b_economic_c,economic_c,Economic Conservatism,Ideology,scalar,global,0.003411605,0.00212898066126775,0.04515290418374877,-0.08918012499999999,-0.073953865,0.07461988,0.09048092,0.5285,0.4715
practices,Dining Practices,strict,Strict (Equal Slopes),ri,Random Intercepts,hier_practices_strict_ri.rds,b_fancy_rest_c,fancy_rest_c,Fine Dining Frequency,Dining & Arts Practices,scalar,global,0.0865564,0.08771079663025,0.038221525642395796,0.013395287500000002,0.025225320000000002,0.1515951,0.16455990000000004,0.9945,0.0055
practices,Dining Practices,strict,Strict (Equal Slopes),ri,Random Intercepts,hier_practices_strict_ri.rds,b_fast_food_c,fast_food_c,Fast Food Frequency,Dining & Arts Practices,scalar,global,0.02675625,0.026912495250424998,0.027867888125646837,-0.0262245275,-0.01920225,0.072569995,0.082497005,0.8355,0.1645
practices,Dining Practices,strict,Strict (Equal Slopes),ri,Random Intercepts,hier_practices_strict_ri.rds,b_highbrow_arts_c,highbrow_arts_c,Adult Highbrow Arts Attendance,Dining & Arts Practices,scalar,global,0.14191199999999998,0.141368625525,0.039521234173051596,0.06377013,0.07477783,0.20536969999999996,0.21515905,1,0
practices,Dining Practices,strict,Strict (Equal Slopes),ri,Random Intercepts,hier_practices_strict_ri.rds,b_income_c,income_c,Household Income,Demographics,scalar,global,0.00691553,0.0066983232109999995,0.031039416649187496,-0.0538606425,-0.043997265,0.05687248999999999,0.06804842000000001,0.5805,0.4195
practices,Dining Practices,strict,Strict (Equal Slopes),ri,Random Intercepts,hier_practices_strict_ri.rds,b_age_c,age_c,Age,Demographics,scalar,global,-0.0268151,-0.027037920769165,0.031728346900225274,-0.0890086575,-0.07916423,0.024269929999999988,0.035444565,0.195,0.805
practices,Dining Practices,strict,Strict (Equal Slopes),ri,Random Intercepts,hier_practices_strict_ri.rds,b_gend.fWoman,gend.fWoman,Gender: Woman,Demographics,scalar,global,-0.1651125,-0.16338113265325,0.05534936242773953,-0.26702704999999993,-0.2516564,-0.07109589000000006,-0.05154173249999999,0.00125,0.99875
practices,Dining Practices,strict,Strict (Equal Slopes),ri,Random Intercepts,hier_practices_strict_ri.rds,b_gend.fNonbinaryDOther,gend.fNonbinaryDOther,Gender: Nonbinary / Other,Demographics,scalar,global,-0.2870815,-0.28468112211275,0.25796816932726063,-0.78896105,-0.7028738499999999,0.13864159999999953,0.22655815000000004,0.1355,0.8645
practices,Dining Practices,strict,Strict (Equal Slopes),ri,Random Intercepts,hier_practices_strict_ri.rds,b_race.fAsian,race.fAsian,Ethnoracial: Asian,Ethnoracial Identification,scalar,global,-0.06615365,-0.062624130474725,0.11999288940081551,-0.29025209999999996,-0.25570424999999997,0.14247179999999984,0.18230990000000008,0.297,0.703
practices,Dining Practices,strict,Strict (Equal Slopes),ri,Random Intercepts,hier_practices_strict_ri.rds,b_race.fBlack,race.fBlack,Ethnoracial: Black,Ethnoracial Identification,scalar,global,-0.024567199999999997,-0.022137335772475,0.08633846808215458,-0.18694565,-0.1560749,0.12521764999999993,0.150987525,0.39275,0.60725
practices,Dining Practices,strict,Strict (Equal Slopes),ri,Random Intercepts,hier_practices_strict_ri.rds,b_race.fHispanic,race.fHispanic,Ethnoracial: Hispanic / Latino,Ethnoracial Identification,scalar,global,0.00754521,0.0075618363953124995,0.11893055092828156,-0.236657225,-0.1930216,0.20646594999999995,0.23173252500000005,0.52725,0.47275
practices,Dining Practices,strict,Strict (Equal Slopes),ri,Random Intercepts,hier_practices_strict_ri.rds,b_race.fMixedOther,race.fMixedOther,Ethnoracial: Mixed Other,Ethnoracial Identification,scalar,global,-0.1760555,-0.17127437528275,0.16760061250413097,-0.500986625,-0.4408182,0.11540334999999993,0.16411367500000015,0.15725,0.84275
practices,Dining Practices,strict,Strict (Equal Slopes),ri,Random Intercepts,hier_practices_strict_ri.rds,b_race.fMixedWhite,race.fMixedWhite,Ethnoracial: Mixed White,Ethnoracial Identification,scalar,global,-0.23518899999999998,-0.233925783571375,0.10048611198756786,-0.4260813,-0.39708395,-0.07153858,-0.03625724249999993,0.01275,0.98725
practices,Dining Practices,relaxed,Relaxed CS,ri,Random Intercepts,hier_practices_relaxed_ri.rds,b_income_c,income_c,Household Income,Demographics,scalar,global,0.006155685,0.0065412813998675,0.03200210565853948,-0.058420715,-0.045924545000000004,0.058710059999999974,0.06850086000000001,0.5855,0.4145
practices,Dining Practices,relaxed,Relaxed CS,ri,Random Intercepts,hier_practices_relaxed_ri.rds,b_age_c,age_c,Age,Demographics,scalar,global,-0.028215450000000003,-0.0275133982082895,0.030398009022735362,-0.0873951225,-0.077167605,0.022223244999999982,0.03149625,0.188,0.812
practices,Dining Practices,relaxed,Relaxed CS,ri,Random Intercepts,hier_practices_relaxed_ri.rds,b_gend.fWoman,gend.fWoman,Gender: Woman,Demographics,scalar,global,-0.175538,-0.17638690551375,0.05799251257500675,-0.29156744999999995,-0.27292874999999994,-0.081763655,-0.06572077749999997,7.5e-4,0.99925
practices,Dining Practices,relaxed,Relaxed CS,ri,Random Intercepts,hier_practices_relaxed_ri.rds,b_gend.fNonbinaryDOther,gend.fNonbinaryDOther,Gender: Nonbinary / Other,Demographics,scalar,global,-0.331475,-0.338136853065,0.2644907351628175,-0.867057925,-0.78336225,0.08565930499999955,0.15728405000000034,0.0975,0.9025
practices,Dining Practices,relaxed,Relaxed CS,ri,Random Intercepts,hier_practices_relaxed_ri.rds,b_race.fAsian,race.fAsian,Ethnoracial: Asian,Ethnoracial Identification,scalar,global,-0.046703,-0.045403048074825,0.12009750477500933,-0.27939062500000006,-0.2414092,0.15625604999999998,0.19778675000000004,0.3385,0.6615
practices,Dining Practices,relaxed,Relaxed CS,ri,Random Intercepts,hier_practices_relaxed_ri.rds,b_race.fBlack,race.fBlack,Ethnoracial: Black,Ethnoracial Identification,scalar,global,-0.030522149999999998,-0.0287725789289975,0.08427175326479698,-0.18326024999999999,-0.16441350000000002,0.11546789999999969,0.14422180000000004,0.3625,0.6375
practices,Dining Practices,relaxed,Relaxed CS,ri,Random Intercepts,hier_practices_relaxed_ri.rds,b_race.fHispanic,race.fHispanic,Ethnoracial: Hispanic / Latino,Ethnoracial Identification,scalar,global,-0.0018479299999999998,-0.00237419336305,0.1181790458131873,-0.2268607,-0.19570554999999998,0.19144794999999998,0.22895887500000006,0.49325,0.50675
practices,Dining Practices,relaxed,Relaxed CS,ri,Random Intercepts,hier_practices_relaxed_ri.rds,b_race.fMixedOther,race.fMixedOther,Ethnoracial: Mixed Other,Ethnoracial Identification,scalar,global,-0.1728515,-0.1728724997707,0.17204339328681606,-0.5045695250000001,-0.45886815,0.10855024999999999,0.16029955,0.15825,0.84175
practices,Dining Practices,relaxed,Relaxed CS,ri,Random Intercepts,hier_practices_relaxed_ri.rds,b_race.fMixedWhite,race.fMixedWhite,Ethnoracial: Mixed White,Ethnoracial Identification,scalar,global,-0.2242245,-0.223187702240475,0.10427804324931474,-0.419726675,-0.38829420000000003,-0.0452575950000001,-0.008131293749999989,0.02225,0.97775
practices,Dining Practices,relaxed,Relaxed CS,ri,Random Intercepts,hier_practices_relaxed_ri.rds,bcs_educ_c_avg,educ_c,Educational Attainment,Cultural Capital,cs_average,mean_1_6,0.0573979275,0.057246000614377915,0.03494554637835586,-0.012959125958333336,-0.0026741883666666602,0.1137085558333333,0.12562893333333336,0.942,0.058
practices,Dining Practices,relaxed,Relaxed CS,ri,Random Intercepts,hier_practices_relaxed_ri.rds,bcs_educ_c[1],educ_c,Educational Attainment,Cultural Capital,cs_step,1,0.11954300000000001,0.11871813732125,0.04499405555789705,0.027413290000000003,0.044915035000000006,0.19164954999999997,0.20571327500000003,0.99425,0.00575
practices,Dining Practices,relaxed,Relaxed CS,ri,Random Intercepts,hier_practices_relaxed_ri.rds,bcs_educ_c[2],educ_c,Educational Attainment,Cultural Capital,cs_step,2,-0.0429451,-0.04257661056125,0.048745508550497973,-0.136128575,-0.12245130000000001,0.03802671999999998,0.054394420000000006,0.19225,0.80775
practices,Dining Practices,relaxed,Relaxed CS,ri,Random Intercepts,hier_practices_relaxed_ri.rds,bcs_educ_c[3],educ_c,Educational Attainment,Cultural Capital,cs_step,3,0.04593165,0.04571900770326,0.04679425083717556,-0.04590340750000001,-0.031620185,0.12224415,0.13565385,0.8365,0.1635
practices,Dining Practices,relaxed,Relaxed CS,ri,Random Intercepts,hier_practices_relaxed_ri.rds,bcs_educ_c[4],educ_c,Educational Attainment,Cultural Capital,cs_step,4,0.05083995,0.05059016252985,0.049567592707154495,-0.04782707,-0.031390724999999994,0.13212059999999998,0.1472707,0.8445,0.1555
practices,Dining Practices,relaxed,Relaxed CS,ri,Random Intercepts,hier_practices_relaxed_ri.rds,bcs_educ_c[5],educ_c,Educational Attainment,Cultural Capital,cs_step,5,0.123016,0.12286494739225,0.054341179802973656,0.01708207,0.033067830000000006,0.2123201,0.22978687500000003,0.98875,0.01125
practices,Dining Practices,relaxed,Relaxed CS,ri,Random Intercepts,hier_practices_relaxed_ri.rds,bcs_educ_c[6],educ_c,Educational Attainment,Cultural Capital,cs_step,6,0.04721565,0.0481603593009075,0.05810119717057124,-0.06275317,-0.04544340499999999,0.14436779999999996,0.16071082500000006,0.78575,0.21425
practices,Dining Practices,relaxed,Relaxed CS,ri,Random Intercepts,hier_practices_relaxed_ri.rds,bcs_peduc_c_avg,peduc_c,Parental Education,Cultural Capital,cs_average,mean_1_6,-0.035286808333333336,-0.036233123597548336,0.03450930544879936,-0.10787101666666667,-0.09416571791666667,0.017234022499999984,0.027348524291666666,0.1435,0.8565
practices,Dining Practices,relaxed,Relaxed CS,ri,Random Intercepts,hier_practices_relaxed_ri.rds,bcs_peduc_c[1],peduc_c,Parental Education,Cultural Capital,cs_step,1,0.002337725,0.001301758632275,0.04422895924662414,-0.08346141,-0.07219001,0.07252657499999998,0.08704218500000001,0.52025,0.47975
practices,Dining Practices,relaxed,Relaxed CS,ri,Random Intercepts,hier_practices_relaxed_ri.rds,bcs_peduc_c[2],peduc_c,Parental Education,Cultural Capital,cs_step,2,-0.006943375,-0.007936951057315,0.04708993783838453,-0.10078675,-0.08646793499999998,0.06754516499999993,0.0833430175,0.44275,0.55725
practices,Dining Practices,relaxed,Relaxed CS,ri,Random Intercepts,hier_practices_relaxed_ri.rds,bcs_peduc_c[3],peduc_c,Parental Education,Cultural Capital,cs_step,3,-0.0676847,-0.067595025418,0.04607972490134029,-0.15917375,-0.14352849999999998,0.007841524999999924,0.01889372250000001,0.067,0.933
practices,Dining Practices,relaxed,Relaxed CS,ri,Random Intercepts,hier_practices_relaxed_ri.rds,bcs_peduc_c[4],peduc_c,Parental Education,Cultural Capital,cs_step,4,0.11533650000000001,0.11417473297025,0.04847659225501768,0.0185832125,0.033774545,0.19251044999999994,0.20555680000000004,0.98775,0.01225
practices,Dining Practices,relaxed,Relaxed CS,ri,Random Intercepts,hier_practices_relaxed_ri.rds,bcs_peduc_c[5],peduc_c,Parental Education,Cultural Capital,cs_step,5,-0.13741150000000002,-0.1379932387,0.05451598677446987,-0.244540425,-0.22743999999999998,-0.04864795000000001,-0.032523175,0.00375,0.99625
practices,Dining Practices,relaxed,Relaxed CS,ri,Random Intercepts,hier_practices_relaxed_ri.rds,bcs_peduc_c[6],peduc_c,Parental Education,Cultural Capital,cs_step,6,-0.119287,-0.1193500180125,0.057586946405018845,-0.230071,-0.2161032,-0.025721415,-0.010548622499999981,0.01775,0.98225
practices,Dining Practices,relaxed,Relaxed CS,ri,Random Intercepts,hier_practices_relaxed_ri.rds,bcs_arts_c_avg,arts_c,Childhood Arts Socialization,Cultural Capital,cs_average,mean_1_6,-0.07978911666666666,-0.08126635633896083,0.03375082424177792,-0.14692343624999998,-0.136229285,-0.026427691666666708,-0.01549774158333331,0.0085,0.9915
practices,Dining Practices,relaxed,Relaxed CS,ri,Random Intercepts,hier_practices_relaxed_ri.rds,bcs_arts_c[1],arts_c,Childhood Arts Socialization,Cultural Capital,cs_step,1,-0.0784431,-0.07974002063325,0.0432504448762231,-0.16744667500000002,-0.15391164999999998,-0.011430915000000017,0.0028083287500001125,0.029,0.971
practices,Dining Practices,relaxed,Relaxed CS,ri,Random Intercepts,hier_practices_relaxed_ri.rds,bcs_arts_c[2],arts_c,Childhood Arts Socialization,Cultural Capital,cs_step,2,-0.11004900000000001,-0.1105341939595,0.04623164376664474,-0.201370925,-0.18760544999999998,-0.03494542000000002,-0.018437284999999998,0.01,0.99
practices,Dining Practices,relaxed,Relaxed CS,ri,Random Intercepts,hier_practices_relaxed_ri.rds,bcs_arts_c[3],arts_c,Childhood Arts Socialization,Cultural Capital,cs_step,3,-0.05389745,-0.05412601484585,0.04524689073557045,-0.1441334,-0.1285707,0.019637189999999992,0.03396033000000001,0.11175,0.88825
practices,Dining Practices,relaxed,Relaxed CS,ri,Random Intercepts,hier_practices_relaxed_ri.rds,bcs_arts_c[4],arts_c,Childhood Arts Socialization,Cultural Capital,cs_step,4,-0.245194,-0.2448157321,0.04904662234389261,-0.34079940000000003,-0.32523009999999997,-0.16380330000000004,-0.14912724999999996,0,1
practices,Dining Practices,relaxed,Relaxed CS,ri,Random Intercepts,hier_practices_relaxed_ri.rds,bcs_arts_c[5],arts_c,Childhood Arts Socialization,Cultural Capital,cs_step,5,0.00871243,0.0091051757956675,0.05477148337660007,-0.0995993675,-0.08088364,0.09654628499999998,0.115640125,0.5645,0.4355
practices,Dining Practices,relaxed,Relaxed CS,ri,Random Intercepts,hier_practices_relaxed_ri.rds,bcs_arts_c[6],arts_c,Childhood Arts Socialization,Cultural Capital,cs_step,6,-0.00762881,-0.0074873522908325,0.0597081241540351,-0.1258682,-0.10671615,0.090067655,0.10769832500000005,0.44925,0.55075
practices,Dining Practices,relaxed,Relaxed CS,ri,Random Intercepts,hier_practices_relaxed_ri.rds,bcs_social_c_avg,social_c,Social Conservatism,Ideology,cs_average,mean_1_6,0.15120899999999998,0.15009279898017167,0.04811243943925977,0.05784483250000001,0.06960697250000002,0.2282077183333333,0.24488156833333335,0.999,0.001
practices,Dining Practices,relaxed,Relaxed CS,ri,Random Intercepts,hier_practices_relaxed_ri.rds,bcs_social_c[1],social_c,Social Conservatism,Ideology,cs_step,1,-0.071227,-0.07052908519595,0.06585299683118331,-0.19822835,-0.17665275,0.03709916999999997,0.0597319225,0.144,0.856
practices,Dining Practices,relaxed,Relaxed CS,ri,Random Intercepts,hier_practices_relaxed_ri.rds,bcs_social_c[2],social_c,Social Conservatism,Ideology,cs_step,2,0.0109185,0.0101775343236225,0.06858000193734674,-0.12338045,-0.10437304999999998,0.12363609999999997,0.1473779,0.55875,0.44125
practices,Dining Practices,relaxed,Relaxed CS,ri,Random Intercepts,hier_practices_relaxed_ri.rds,bcs_social_c[3],social_c,Social Conservatism,Ideology,cs_step,3,0.12249950000000001,0.122819795066425,0.06638522574111991,-0.005502044749999988,0.013614660000000002,0.2328961,0.259075825,0.969,0.031
practices,Dining Practices,relaxed,Relaxed CS,ri,Random Intercepts,hier_practices_relaxed_ri.rds,bcs_social_c[4],social_c,Social Conservatism,Ideology,cs_step,4,0.058419,0.0583084693369325,0.06753273820297577,-0.07397508249999998,-0.053036559999999996,0.17007339999999985,0.19019360000000002,0.8045,0.1955
practices,Dining Practices,relaxed,Relaxed CS,ri,Random Intercepts,hier_practices_relaxed_ri.rds,bcs_social_c[5],social_c,Social Conservatism,Ideology,cs_step,5,0.2666145,0.2660846581,0.07676916599872503,0.11371632500000001,0.1372141,0.39150109999999994,0.41510775000000005,0.99975,2.5e-4
practices,Dining Practices,relaxed,Relaxed CS,ri,Random Intercepts,hier_practices_relaxed_ri.rds,bcs_social_c[6],social_c,Social Conservatism,Ideology,cs_step,6,0.5138685000000001,0.51369542225,0.08364512161864016,0.350433725,0.37765655000000004,0.6524698999999999,0.6782488750000001,1,0
practices,Dining Practices,relaxed,Relaxed CS,ri,Random Intercepts,hier_practices_relaxed_ri.rds,bcs_economic_c_avg,economic_c,Economic Conservatism,Ideology,cs_average,mean_1_6,-0.03125542083333333,-0.03072314782835958,0.04931014984429978,-0.12280224083333334,-0.11020582766666667,0.0502501483333333,0.0668846658333334,0.2705,0.7295
practices,Dining Practices,relaxed,Relaxed CS,ri,Random Intercepts,hier_practices_relaxed_ri.rds,bcs_economic_c[1],economic_c,Economic Conservatism,Ideology,cs_step,1,0.1008685,0.10054065386265,0.06616975084611001,-0.030397395,-0.008298258499999994,0.20767195,0.226373375,0.93425,0.06575
practices,Dining Practices,relaxed,Relaxed CS,ri,Random Intercepts,hier_practices_relaxed_ri.rds,bcs_economic_c[2],economic_c,Economic Conservatism,Ideology,cs_step,2,0.0313083,0.03161640994825,0.07018947511110181,-0.106230675,-0.081968125,0.14777574999999996,0.16815415000000006,0.6725,0.3275
practices,Dining Practices,relaxed,Relaxed CS,ri,Random Intercepts,hier_practices_relaxed_ri.rds,bcs_economic_c[3],economic_c,Economic Conservatism,Ideology,cs_step,3,0.027963500000000002,0.028138260371675,0.06680200951770317,-0.101649875,-0.08139056000000001,0.14062219999999992,0.16132705,0.664,0.336
practices,Dining Practices,relaxed,Relaxed CS,ri,Random Intercepts,hier_practices_relaxed_ri.rds,bcs_economic_c[4],economic_c,Economic Conservatism,Ideology,cs_step,4,0.0931562,0.0933726257015,0.06936066582257913,-0.03834289249999999,-0.019578969999999994,0.2065195,0.22890177500000003,0.907,0.093
practices,Dining Practices,relaxed,Relaxed CS,ri,Random Intercepts,hier_practices_relaxed_ri.rds,bcs_economic_c[5],economic_c,Economic Conservatism,Ideology,cs_step,5,-0.109388,-0.1093742487542325,0.07764940281161191,-0.25977967500000004,-0.23259735,0.019026684999999943,0.04264928250000001,0.07975,0.92025
practices,Dining Practices,relaxed,Relaxed CS,ri,Random Intercepts,hier_practices_relaxed_ri.rds,bcs_economic_c[6],economic_c,Economic Conservatism,Ideology,cs_step,6,-0.330766,-0.3286325881,0.08542756462557459,-0.496078375,-0.46628325000000004,-0.18891485,-0.15644922500000003,0,1
practices,Dining Practices,relaxed,Relaxed CS,ri,Random Intercepts,hier_practices_relaxed_ri.rds,bcs_fancy_rest_c_avg,fancy_rest_c,Fine Dining Frequency,Dining & Arts Practices,cs_average,mean_1_6,0.11764040083333333,0.11893709323874874,0.038329812174008944,0.04598774791666667,0.057844602499999995,0.18418956499999997,0.19516578291666667,0.99975,2.5e-4
practices,Dining Practices,relaxed,Relaxed CS,ri,Random Intercepts,hier_practices_relaxed_ri.rds,bcs_fancy_rest_c[1],fancy_rest_c,Fine Dining Frequency,Dining & Arts Practices,cs_step,1,-0.006482669999999999,-0.007238958565875,0.05074552053755818,-0.10819595,-0.09189040500000001,0.07597881499999999,0.0915446925,0.4455,0.5545
practices,Dining Practices,relaxed,Relaxed CS,ri,Random Intercepts,hier_practices_relaxed_ri.rds,bcs_fancy_rest_c[2],fancy_rest_c,Fine Dining Frequency,Dining & Arts Practices,cs_step,2,0.046126349999999997,0.04624071553214092,0.05319094769670321,-0.05635644499999999,-0.039978375,0.133788,0.15373562500000001,0.80825,0.19175
practices,Dining Practices,relaxed,Relaxed CS,ri,Random Intercepts,hier_practices_relaxed_ri.rds,bcs_fancy_rest_c[3],fancy_rest_c,Fine Dining Frequency,Dining & Arts Practices,cs_step,3,0.015048349999999999,0.0142878462137265,0.05332935349315136,-0.08670291,-0.072505675,0.10307549999999999,0.11937455,0.60525,0.39475
practices,Dining Practices,relaxed,Relaxed CS,ri,Random Intercepts,hier_practices_relaxed_ri.rds,bcs_fancy_rest_c[4],fancy_rest_c,Fine Dining Frequency,Dining & Arts Practices,cs_step,4,0.1547425,0.1554487939525,0.05438985129555173,0.050222260000000005,0.065002395,0.2456018499999999,0.264401575,0.99925,7.5e-4
practices,Dining Practices,relaxed,Relaxed CS,ri,Random Intercepts,hier_practices_relaxed_ri.rds,bcs_fancy_rest_c[5],fancy_rest_c,Fine Dining Frequency,Dining & Arts Practices,cs_step,5,0.275351,0.27445201785,0.05932035336389809,0.15820805,0.17709455000000002,0.3724936,0.39171112500000005,1,0
practices,Dining Practices,relaxed,Relaxed CS,ri,Random Intercepts,hier_practices_relaxed_ri.rds,bcs_fancy_rest_c[6],fancy_rest_c,Fine Dining Frequency,Dining & Arts Practices,cs_step,6,0.230815,0.23043214445,0.06285413317528986,0.1053482,0.1259885,0.3334892,0.35429350000000004,1,0
practices,Dining Practices,relaxed,Relaxed CS,ri,Random Intercepts,hier_practices_relaxed_ri.rds,bcs_fast_food_c_avg,fast_food_c,Fast Food Frequency,Dining & Arts Practices,cs_average,mean_1_6,0.04363851666666667,0.04358031349615625,0.030428030457118803,-0.015897170166666665,-0.006374695999999999,0.09386479416666667,0.1021640875,0.92,0.08
practices,Dining Practices,relaxed,Relaxed CS,ri,Random Intercepts,hier_practices_relaxed_ri.rds,bcs_fast_food_c[1],fast_food_c,Fast Food Frequency,Dining & Arts Practices,cs_step,1,-0.06387145,-0.06333406889075,0.039890218138016485,-0.143717375,-0.13016445,0.002633306999999984,0.014318942500000015,0.0565,0.9435
practices,Dining Practices,relaxed,Relaxed CS,ri,Random Intercepts,hier_practices_relaxed_ri.rds,bcs_fast_food_c[2],fast_food_c,Fast Food Frequency,Dining & Arts Practices,cs_step,2,0.0196485,0.0198327205282125,0.04261933979520162,-0.0615413325,-0.051043374999999995,0.090493935,0.104140675,0.6795,0.3205
practices,Dining Practices,relaxed,Relaxed CS,ri,Random Intercepts,hier_practices_relaxed_ri.rds,bcs_fast_food_c[3],fast_food_c,Fast Food Frequency,Dining & Arts Practices,cs_step,3,0.05637465,0.05654324051595,0.04140210178039162,-0.026214335000000002,-0.012812899999999999,0.12548429999999997,0.13777070000000005,0.915,0.085
practices,Dining Practices,relaxed,Relaxed CS,ri,Random Intercepts,hier_practices_relaxed_ri.rds,bcs_fast_food_c[4],fast_food_c,Fast Food Frequency,Dining & Arts Practices,cs_step,4,-0.016656249999999997,-0.016424297018775,0.04373673442467357,-0.10434935,-0.08740564499999999,0.054861159999999985,0.06898453,0.35575,0.64425
practices,Dining Practices,relaxed,Relaxed CS,ri,Random Intercepts,hier_practices_relaxed_ri.rds,bcs_fast_food_c[5],fast_food_c,Fast Food Frequency,Dining & Arts Practices,cs_step,5,0.09034215,0.0916465881848,0.04863006718156122,-0.0036475214999999997,0.014505945000000003,0.1729741,0.189781275,0.971,0.029
practices,Dining Practices,relaxed,Relaxed CS,ri,Random Intercepts,hier_practices_relaxed_ri.rds,bcs_fast_food_c[6],fast_food_c,Fast Food Frequency,Dining & Arts Practices,cs_step,6,0.172304,0.1732176976575,0.05346538980569053,0.07117036,0.08617121000000001,0.26325489999999996,0.27872985000000006,0.99975,2.5e-4
practices,Dining Practices,relaxed,Relaxed CS,ri,Random Intercepts,hier_practices_relaxed_ri.rds,bcs_highbrow_arts_c_avg,highbrow_arts_c,Adult Highbrow Arts Attendance,Dining & Arts Practices,cs_average,mean_1_6,0.10177485833333333,0.10084238897370833,0.0375858881183684,0.02470236375,0.03678754716666667,0.16031392749999998,0.17136214458333338,0.99525,0.00475
practices,Dining Practices,relaxed,Relaxed CS,ri,Random Intercepts,hier_practices_relaxed_ri.rds,bcs_highbrow_arts_c[1],highbrow_arts_c,Adult Highbrow Arts Attendance,Dining & Arts Practices,cs_step,1,-0.0038589749999999997,-0.004095433857675,0.05506770439156738,-0.116721675,-0.09669659,0.08508801999999996,0.10289540000000001,0.46975,0.53025
practices,Dining Practices,relaxed,Relaxed CS,ri,Random Intercepts,hier_practices_relaxed_ri.rds,bcs_highbrow_arts_c[2],highbrow_arts_c,Adult Highbrow Arts Attendance,Dining & Arts Practices,cs_step,2,0.4387535,0.43814089525,0.05723797416755313,0.32363952500000004,0.34287090000000003,0.5311535999999999,0.5471488,1,0
practices,Dining Practices,relaxed,Relaxed CS,ri,Random Intercepts,hier_practices_relaxed_ri.rds,bcs_highbrow_arts_c[3],highbrow_arts_c,Adult Highbrow Arts Attendance,Dining & Arts Practices,cs_step,3,0.02724975,0.025928646482425,0.05391921385781529,-0.08157407249999998,-0.06427524,0.11469759999999991,0.13085362500000006,0.6915,0.3085
practices,Dining Practices,relaxed,Relaxed CS,ri,Random Intercepts,hier_practices_relaxed_ri.rds,bcs_highbrow_arts_c[4],highbrow_arts_c,Adult Highbrow Arts Attendance,Dining & Arts Practices,cs_step,4,0.4595765,0.4586701625,0.051728499629837346,0.355303175,0.37490039999999997,0.54338505,0.5584758500000001,1,0
practices,Dining Practices,relaxed,Relaxed CS,ri,Random Intercepts,hier_practices_relaxed_ri.rds,bcs_highbrow_arts_c[5],highbrow_arts_c,Adult Highbrow Arts Attendance,Dining & Arts Practices,cs_step,5,-0.135771,-0.1365289711525,0.054435627762764116,-0.244913575,-0.22579434999999998,-0.04831577,-0.03015191499999999,0.00575,0.99425
practices,Dining Practices,relaxed,Relaxed CS,ri,Random Intercepts,hier_practices_relaxed_ri.rds,bcs_highbrow_arts_c[6],highbrow_arts_c,Adult Highbrow Arts Attendance,Dining & Arts Practices,cs_step,6,-0.17682900000000001,-0.17706096538,0.05891043764210354,-0.29308622500000003,-0.27561795,-0.08099907000000005,-0.06793567749999999,0.00225,0.99775
practices,Dining Practices,strict,Strict (Equal Slopes),rs,Crossed Random Slopes,hier_practices_strict_rs.rds,b_educ_c,educ_c,Educational Attainment,Cultural Capital,scalar,global,0.05338255,0.05337752323125,0.0351351023166355,-0.0155574725,-0.004773978,0.11260999999999997,0.12622760000000002,0.9345,0.0655
practices,Dining Practices,strict,Strict (Equal Slopes),rs,Crossed Random Slopes,hier_practices_strict_rs.rds,b_peduc_c,peduc_c,Parental Education,Cultural Capital,scalar,global,-0.0192912,-0.019743223910025,0.03256492979851757,-0.081715115,-0.072670755,0.034366439999999984,0.0436675375,0.273,0.727
practices,Dining Practices,strict,Strict (Equal Slopes),rs,Crossed Random Slopes,hier_practices_strict_rs.rds,b_arts_c,arts_c,Childhood Arts Socialization,Cultural Capital,scalar,global,-0.0935583,-0.092605395122,0.03262055705924639,-0.15461165000000002,-0.14503844999999999,-0.03850569000000001,-0.029575837499999993,7.5e-4,0.99925
practices,Dining Practices,strict,Strict (Equal Slopes),rs,Crossed Random Slopes,hier_practices_strict_rs.rds,b_fancy_rest_c,fancy_rest_c,Fine Dining Frequency,Dining & Arts Practices,scalar,global,0.09011335000000001,0.088968367070775,0.04208862392591576,0.00495475275,0.017694915000000002,0.1562764,0.169533575,0.982,0.018
practices,Dining Practices,strict,Strict (Equal Slopes),rs,Crossed Random Slopes,hier_practices_strict_rs.rds,b_fast_food_c,fast_food_c,Fast Food Frequency,Dining & Arts Practices,scalar,global,0.02860895,0.028644102743025,0.029877776652855372,-0.03085957,-0.021992225,0.077947545,0.08724634750000002,0.83575,0.16425
practices,Dining Practices,strict,Strict (Equal Slopes),rs,Crossed Random Slopes,hier_practices_strict_rs.rds,b_highbrow_arts_c,highbrow_arts_c,Adult Highbrow Arts Attendance,Dining & Arts Practices,scalar,global,0.1409125,0.1404119927375,0.0371554228340173,0.0690171375,0.07945708,0.19970025,0.21141192500000003,0.99975,2.5e-4
practices,Dining Practices,strict,Strict (Equal Slopes),rs,Crossed Random Slopes,hier_practices_strict_rs.rds,b_social_c,social_c,Social Conservatism,Ideology,scalar,global,0.108639,0.108289735520625,0.046533365663117124,0.0205455525,0.03185046,0.1837982,0.19843765,0.991,0.009
practices,Dining Practices,strict,Strict (Equal Slopes),rs,Crossed Random Slopes,hier_practices_strict_rs.rds,b_economic_c,economic_c,Economic Conservatism,Ideology,scalar,global,3.383905e-4,8.918197619367499e-4,0.04750640490038093,-0.0911565425,-0.075742085,0.077253795,0.09041865750000001,0.5045,0.4955
practices,Dining Practices,strict,Strict (Equal Slopes),rs,Crossed Random Slopes,hier_practices_strict_rs.rds,b_income_c,income_c,Household Income,Demographics,scalar,global,0.00158795,0.0018687268612750001,0.033028530782165104,-0.0603054425,-0.05123824,0.05538023999999999,0.0684484275000001,0.51975,0.48025
practices,Dining Practices,strict,Strict (Equal Slopes),rs,Crossed Random Slopes,hier_practices_strict_rs.rds,b_age_c,age_c,Age,Demographics,scalar,global,-0.0284084,-0.028045166942225,0.02934171302968412,-0.08605351750000001,-0.076604565,0.020915814999999914,0.030753000000000006,0.1635,0.8365
practices,Dining Practices,strict,Strict (Equal Slopes),rs,Crossed Random Slopes,hier_practices_strict_rs.rds,b_gend.fWoman,gend.fWoman,Gender: Woman,Demographics,scalar,global,-0.16638750000000002,-0.16534207347,0.05690986809844082,-0.27426385000000003,-0.25881855,-0.07226334500000003,-0.050244252499999996,7.5e-4,0.99925
practices,Dining Practices,strict,Strict (Equal Slopes),rs,Crossed Random Slopes,hier_practices_strict_rs.rds,b_gend.fNonbinaryDOther,gend.fNonbinaryDOther,Gender: Nonbinary / Other,Demographics,scalar,global,-0.28868249999999995,-0.28920580526225,0.2625922326028886,-0.797432675,-0.7218592999999999,0.14700799999999997,0.22788310000000003,0.13425,0.86575
practices,Dining Practices,strict,Strict (Equal Slopes),rs,Crossed Random Slopes,hier_practices_strict_rs.rds,b_race.fAsian,race.fAsian,Ethnoracial: Asian,Ethnoracial Identification,scalar,global,-0.0677989,-0.0716507817527025,0.1286100003648906,-0.327172325,-0.28253265000000005,0.1334352,0.17193832500000003,0.2995,0.7005
practices,Dining Practices,strict,Strict (Equal Slopes),rs,Crossed Random Slopes,hier_practices_strict_rs.rds,b_race.fBlack,race.fBlack,Ethnoracial: Black,Ethnoracial Identification,scalar,global,-0.026112700000000003,-0.025848913444,0.08767664779754956,-0.19085229999999997,-0.1638433,0.12447419999999998,0.15229087500000005,0.378,0.622
practices,Dining Practices,strict,Strict (Equal Slopes),rs,Crossed Random Slopes,hier_practices_strict_rs.rds,b_race.fHispanic,race.fHispanic,Ethnoracial: Hispanic / Latino,Ethnoracial Identification,scalar,global,0.008095295,0.00876048304447375,0.11964473054379104,-0.227610725,-0.188198,0.20414429999999992,0.251040475,0.524,0.476
practices,Dining Practices,strict,Strict (Equal Slopes),rs,Crossed Random Slopes,hier_practices_strict_rs.rds,b_race.fMixedOther,race.fMixedOther,Ethnoracial: Mixed Other,Ethnoracial Identification,scalar,global,-0.1817945,-0.18556142322975,0.1742563796857611,-0.5234209500000001,-0.4733050999999999,0.09622761999999999,0.1505833000000001,0.142,0.858
practices,Dining Practices,strict,Strict (Equal Slopes),rs,Crossed Random Slopes,hier_practices_strict_rs.rds,b_race.fMixedWhite,race.fMixedWhite,Ethnoracial: Mixed White,Ethnoracial Identification,scalar,global,-0.237444,-0.236307790467425,0.10044370768316088,-0.43681682499999996,-0.40209175,-0.07174286000000009,-0.04382088249999999,0.00875,0.99125
practices,Dining Practices,relaxed,Relaxed CS,rs,Crossed Random Slopes,hier_practices_relaxed_rs.rds,b_income_c,income_c,Household Income,Demographics,scalar,global,0.005640040000000001,0.00537042939,0.033091730881646415,-0.0598330875,-0.048622345,0.05996218499999998,0.06982524500000001,0.56475,0.43525
practices,Dining Practices,relaxed,Relaxed CS,rs,Crossed Random Slopes,hier_practices_relaxed_rs.rds,b_age_c,age_c,Age,Demographics,scalar,global,-0.027068349999999998,-0.026989833932875,0.03268038330299242,-0.09188258,-0.080578885,0.02702391499999999,0.037260005000000006,0.20125,0.79875
practices,Dining Practices,relaxed,Relaxed CS,rs,Crossed Random Slopes,hier_practices_relaxed_rs.rds,b_gend.fWoman,gend.fWoman,Gender: Woman,Demographics,scalar,global,-0.182914,-0.18209622796575,0.05701737162417857,-0.29165672499999995,-0.2741787,-0.08744573500000011,-0.06999386249999998,0,1
practices,Dining Practices,relaxed,Relaxed CS,rs,Crossed Random Slopes,hier_practices_relaxed_rs.rds,b_gend.fNonbinaryDOther,gend.fNonbinaryDOther,Gender: Nonbinary / Other,Demographics,scalar,global,-0.368996,-0.3674912384975,0.26914750345992877,-0.878072725,-0.80787145,0.0786637099999998,0.15761875000000025,0.08675,0.91325
practices,Dining Practices,relaxed,Relaxed CS,rs,Crossed Random Slopes,hier_practices_relaxed_rs.rds,b_race.fAsian,race.fAsian,Ethnoracial: Asian,Ethnoracial Identification,scalar,global,-0.05733855,-0.057321995314175,0.12503090281487697,-0.3064708,-0.26253215,0.14416149999999994,0.17917312500000002,0.33125,0.66875
practices,Dining Practices,relaxed,Relaxed CS,rs,Crossed Random Slopes,hier_practices_relaxed_rs.rds,b_race.fBlack,race.fBlack,Ethnoracial: Black,Ethnoracial Identification,scalar,global,-0.03208105,-0.032132012257125,0.09000930688019244,-0.208677,-0.18252929999999998,0.11679504999999998,0.14657200000000004,0.3665,0.6335
practices,Dining Practices,relaxed,Relaxed CS,rs,Crossed Random Slopes,hier_practices_relaxed_rs.rds,b_race.fHispanic,race.fHispanic,Ethnoracial: Hispanic / Latino,Ethnoracial Identification,scalar,global,-0.003890815,-0.00471761928115,0.12554113774817738,-0.2553361,-0.21155569999999999,0.19686299999999998,0.23782535000000005,0.48475,0.51525
practices,Dining Practices,relaxed,Relaxed CS,rs,Crossed Random Slopes,hier_practices_relaxed_rs.rds,b_race.fMixedOther,race.fMixedOther,Ethnoracial: Mixed Other,Ethnoracial Identification,scalar,global,-0.175581,-0.17780520592995,0.1731177193663147,-0.5234915749999999,-0.47395705,0.09865546999999969,0.1486074,0.14825,0.85175
practices,Dining Practices,relaxed,Relaxed CS,rs,Crossed Random Slopes,hier_practices_relaxed_rs.rds,b_race.fMixedWhite,race.fMixedWhite,Ethnoracial: Mixed White,Ethnoracial Identification,scalar,global,-0.222989,-0.222988704348,0.1049620829672367,-0.4318683,-0.39984460000000005,-0.05064485500000026,-0.020211557499999974,0.0175,0.9825
practices,Dining Practices,relaxed,Relaxed CS,rs,Crossed Random Slopes,hier_practices_relaxed_rs.rds,bcs_educ_c_avg,educ_c,Educational Attainment,Cultural Capital,cs_average,mean_1_6,0.06045169166666667,0.060982555722179164,0.037592438221894744,-0.014270567541666663,-7.181654999999983e-4,0.12462657399999999,0.13709591166666668,0.9475,0.0525
practices,Dining Practices,relaxed,Relaxed CS,rs,Crossed Random Slopes,hier_practices_relaxed_rs.rds,bcs_educ_c[1],educ_c,Educational Attainment,Cultural Capital,cs_step,1,0.1260685,0.12596064341125,0.047973449216105066,0.0342044975,0.04777498,0.20524724999999994,0.21999190000000002,0.99475,0.00525
practices,Dining Practices,relaxed,Relaxed CS,rs,Crossed Random Slopes,hier_practices_relaxed_rs.rds,bcs_educ_c[2],educ_c,Educational Attainment,Cultural Capital,cs_step,2,-0.0345466,-0.034652740463875,0.05078664416093198,-0.134487425,-0.11924100000000001,0.049387099999999996,0.0655144,0.243,0.757
practices,Dining Practices,relaxed,Relaxed CS,rs,Crossed Random Slopes,hier_practices_relaxed_rs.rds,bcs_educ_c[3],educ_c,Educational Attainment,Cultural Capital,cs_step,3,0.050971699999999995,0.050997336390975,0.04844320987842264,-0.04474385249999999,-0.02803323,0.13303385,0.14599930000000003,0.85525,0.14475
practices,Dining Practices,relaxed,Relaxed CS,rs,Crossed Random Slopes,hier_practices_relaxed_rs.rds,bcs_educ_c[4],educ_c,Educational Attainment,Cultural Capital,cs_step,4,0.05181085,0.052633717695325,0.051042990328209754,-0.046960985000000004,-0.029546765000000003,0.1369599,0.15549165000000004,0.849,0.151
practices,Dining Practices,relaxed,Relaxed CS,rs,Crossed Random Slopes,hier_practices_relaxed_rs.rds,bcs_educ_c[5],educ_c,Educational Attainment,Cultural Capital,cs_step,5,0.125129,0.12459328630325,0.056948992442409994,0.011606415000000002,0.029978295000000002,0.21774785,0.233887275,0.9855,0.0145
practices,Dining Practices,relaxed,Relaxed CS,rs,Crossed Random Slopes,hier_practices_relaxed_rs.rds,bcs_educ_c[6],educ_c,Educational Attainment,Cultural Capital,cs_step,6,0.04736535,0.04636309099615,0.06150634552002347,-0.075790555,-0.05385589,0.15016469999999998,0.16681077500000002,0.77775,0.22225
practices,Dining Practices,relaxed,Relaxed CS,rs,Crossed Random Slopes,hier_practices_relaxed_rs.rds,bcs_peduc_c_avg,peduc_c,Parental Education,Cultural Capital,cs_average,mean_1_6,-0.04079293333333333,-0.04082295177055625,0.03523063979118248,-0.11037377000000001,-0.09876575666666668,0.015677145333333312,0.027974216625000003,0.12125,0.87875
practices,Dining Practices,relaxed,Relaxed CS,rs,Crossed Random Slopes,hier_practices_relaxed_rs.rds,bcs_peduc_c[1],peduc_c,Parental Education,Cultural Capital,cs_step,1,0.01520535,0.014405309862285,0.04488321159384564,-0.07162842999999999,-0.059209135,0.08764306499999998,0.10072307500000002,0.62325,0.37675
practices,Dining Practices,relaxed,Relaxed CS,rs,Crossed Random Slopes,hier_practices_relaxed_rs.rds,bcs_peduc_c[2],peduc_c,Parental Education,Cultural Capital,cs_step,2,1.2059665e-5,-8.685642868475e-4,0.047454459399393877,-0.09440596999999999,-0.08021365999999999,0.07648642499999998,0.09048536500000007,0.5005,0.4995
practices,Dining Practices,relaxed,Relaxed CS,rs,Crossed Random Slopes,hier_practices_relaxed_rs.rds,bcs_peduc_c[3],peduc_c,Parental Education,Cultural Capital,cs_step,3,-0.0661912,-0.066196355559275,0.04656542215786885,-0.156563675,-0.14288215,0.011176689999999991,0.02626420750000004,0.07525,0.92475
practices,Dining Practices,relaxed,Relaxed CS,rs,Crossed Random Slopes,hier_practices_relaxed_rs.rds,bcs_peduc_c[4],peduc_c,Parental Education,Cultural Capital,cs_step,4,0.107032,0.10680757061725,0.04944134699654411,0.009970188250000001,0.02405108,0.18742779999999998,0.20382720000000001,0.98475,0.01525
practices,Dining Practices,relaxed,Relaxed CS,rs,Crossed Random Slopes,hier_practices_relaxed_rs.rds,bcs_peduc_c[5],peduc_c,Parental Education,Cultural Capital,cs_step,5,-0.157364,-0.15597683621575,0.0544852230666026,-0.260939325,-0.2441539,-0.063427275,-0.0444898075,0.00175,0.99825
practices,Dining Practices,relaxed,Relaxed CS,rs,Crossed Random Slopes,hier_practices_relaxed_rs.rds,bcs_peduc_c[6],peduc_c,Parental Education,Cultural Capital,cs_step,6,-0.1429585,-0.143108835041,0.05781143235166606,-0.25712867500000003,-0.23912425,-0.049947515000000005,-0.03241098499999996,0.00725,0.99275
practices,Dining Practices,relaxed,Relaxed CS,rs,Crossed Random Slopes,hier_practices_relaxed_rs.rds,bcs_arts_c_avg,arts_c,Childhood Arts Socialization,Cultural Capital,cs_average,mean_1_6,-0.0862527675,-0.08682127158094584,0.03354674665906182,-0.15581972,-0.143192513,-0.03131920962500002,-0.019774361124999987,0.00425,0.99575
practices,Dining Practices,relaxed,Relaxed CS,rs,Crossed Random Slopes,hier_practices_relaxed_rs.rds,bcs_arts_c[1],arts_c,Childhood Arts Socialization,Cultural Capital,cs_step,1,-0.0893538,-0.08914971620425,0.04337199421585915,-0.17395755,-0.1605319,-0.018662415,-0.006120597499999988,0.01875,0.98125
practices,Dining Practices,relaxed,Relaxed CS,rs,Crossed Random Slopes,hier_practices_relaxed_rs.rds,bcs_arts_c[2],arts_c,Childhood Arts Socialization,Cultural Capital,cs_step,2,-0.120061,-0.12029543071875,0.04635501914212915,-0.211095475,-0.1972035,-0.042743529999999995,-0.027880659999999998,0.00375,0.99625
practices,Dining Practices,relaxed,Relaxed CS,rs,Crossed Random Slopes,hier_practices_relaxed_rs.rds,bcs_arts_c[3],arts_c,Childhood Arts Socialization,Cultural Capital,cs_step,3,-0.0600681,-0.060608038306425,0.046322452246613396,-0.15372850000000002,-0.13916894999999999,0.01421992499999999,0.029215575000000008,0.09625,0.90375
practices,Dining Practices,relaxed,Relaxed CS,rs,Crossed Random Slopes,hier_practices_relaxed_rs.rds,bcs_arts_c[4],arts_c,Childhood Arts Socialization,Cultural Capital,cs_step,4,-0.2490995,-0.249602026375,0.04947156911497897,-0.347913925,-0.3295737,-0.16855570000000006,-0.15307885,0,1
practices,Dining Practices,relaxed,Relaxed CS,rs,Crossed Random Slopes,hier_practices_relaxed_rs.rds,bcs_arts_c[5],arts_c,Childhood Arts Socialization,Cultural Capital,cs_step,5,0.00721609,0.007979753847775,0.056523026046740504,-0.10499694999999999,-0.08758413999999999,0.1001617499999998,0.11749832500000003,0.553,0.447
practices,Dining Practices,relaxed,Relaxed CS,rs,Crossed Random Slopes,hier_practices_relaxed_rs.rds,bcs_arts_c[6],arts_c,Childhood Arts Socialization,Cultural Capital,cs_step,6,-0.00872793,-0.009252171729025,0.05966746614930068,-0.129558025,-0.107863,0.08868306499999994,0.1079891,0.437,0.563
practices,Dining Practices,relaxed,Relaxed CS,rs,Crossed Random Slopes,hier_practices_relaxed_rs.rds,bcs_social_c_avg,social_c,Social Conservatism,Ideology,cs_average,mean_1_6,0.1688100505,0.16795757528329167,0.05145722463402127,0.06559219109166667,0.08339063583333335,0.25309635999999996,0.26477886916666665,0.9995,5e-4
practices,Dining Practices,relaxed,Relaxed CS,rs,Crossed Random Slopes,hier_practices_relaxed_rs.rds,bcs_social_c[1],social_c,Social Conservatism,Ideology,cs_step,1,-0.09805285,-0.0981927836712,0.06879366505438907,-0.23470602499999998,-0.21286395,0.013629255,0.03325595750000008,0.07375,0.92625
practices,Dining Practices,relaxed,Relaxed CS,rs,Crossed Random Slopes,hier_practices_relaxed_rs.rds,bcs_social_c[2],social_c,Social Conservatism,Ideology,cs_step,2,0.0014917749999999999,0.0010268933877500002,0.07147840563550557,-0.13982362499999998,-0.11552375,0.11965794999999997,0.14163800000000001,0.51,0.49
practices,Dining Practices,relaxed,Relaxed CS,rs,Crossed Random Slopes,hier_practices_relaxed_rs.rds,bcs_social_c[3],social_c,Social Conservatism,Ideology,cs_step,3,0.129378,0.127494803800175,0.06847949347506158,-0.007682677999999999,0.013989655000000009,0.23880094999999996,0.25930155,0.968,0.032
practices,Dining Practices,relaxed,Relaxed CS,rs,Crossed Random Slopes,hier_practices_relaxed_rs.rds,bcs_social_c[4],social_c,Social Conservatism,Ideology,cs_step,4,0.081921,0.082739728043025,0.0718956578995444,-0.060575384999999995,-0.03543182499999999,0.19969335,0.21968060000000011,0.8755,0.1245
practices,Dining Practices,relaxed,Relaxed CS,rs,Crossed Random Slopes,hier_practices_relaxed_rs.rds,bcs_social_c[5],social_c,Social Conservatism,Ideology,cs_step,5,0.31031699999999995,0.31082098089,0.08019834243343811,0.15628307500000002,0.1818051,0.44593454999999993,0.47280195,1,0
practices,Dining Practices,relaxed,Relaxed CS,rs,Crossed Random Slopes,hier_practices_relaxed_rs.rds,bcs_social_c[6],social_c,Social Conservatism,Ideology,cs_step,6,0.5857595,0.58385582925,0.08597158349457532,0.412907475,0.44197915,0.7228183499999999,0.7542690000000001,1,0
practices,Dining Practices,relaxed,Relaxed CS,rs,Crossed Random Slopes,hier_practices_relaxed_rs.rds,bcs_economic_c_avg,economic_c,Economic Conservatism,Ideology,cs_average,mean_1_6,-0.03470901333333333,-0.0353958054842675,0.049846004470918887,-0.13337126124999998,-0.11905156908333334,0.04767897666666665,0.06302790708333335,0.23075,0.76925
practices,Dining Practices,relaxed,Relaxed CS,rs,Crossed Random Slopes,hier_practices_relaxed_rs.rds,bcs_economic_c[1],economic_c,Economic Conservatism,Ideology,cs_step,1,0.1032975,0.102767323710475,0.06754236833650233,-0.032176672499999996,-0.008222806,0.2157403499999999,0.236045575,0.93825,0.06175
practices,Dining Practices,relaxed,Relaxed CS,rs,Crossed Random Slopes,hier_practices_relaxed_rs.rds,bcs_economic_c[2],economic_c,Economic Conservatism,Ideology,cs_step,2,0.03149395,0.03166315537505,0.06963797067795269,-0.106510375,-0.081541145,0.14551255,0.16912570000000005,0.67275,0.32725
practices,Dining Practices,relaxed,Relaxed CS,rs,Crossed Random Slopes,hier_practices_relaxed_rs.rds,bcs_economic_c[3],economic_c,Economic Conservatism,Ideology,cs_step,3,0.026850899999999997,0.02595962850095,0.06778737608288102,-0.106349,-0.08365634500000001,0.13681974999999996,0.1600029,0.6435,0.3565
practices,Dining Practices,relaxed,Relaxed CS,rs,Crossed Random Slopes,hier_practices_relaxed_rs.rds,bcs_economic_c[4],economic_c,Economic Conservatism,Ideology,cs_step,4,0.08978335,0.08992227642717,0.07058173001052645,-0.04956747999999999,-0.026297494999999997,0.20432224999999984,0.23047865000000003,0.903,0.097
practices,Dining Practices,relaxed,Relaxed CS,rs,Crossed Random Slopes,hier_practices_relaxed_rs.rds,bcs_economic_c[5],economic_c,Economic Conservatism,Ideology,cs_step,5,-0.11864,-0.11860038579425,0.07990440824957913,-0.27635282499999997,-0.25116315,0.01234838499999983,0.04446670750000011,0.068,0.932
practices,Dining Practices,relaxed,Relaxed CS,rs,Crossed Random Slopes,hier_practices_relaxed_rs.rds,bcs_economic_c[6],economic_c,Economic Conservatism,Ideology,cs_step,6,-0.3423345,-0.344086831125,0.08694440884057168,-0.5158757999999999,-0.48950225,-0.20177130000000004,-0.17072709999999985,0,1
practices,Dining Practices,relaxed,Relaxed CS,rs,Crossed Random Slopes,hier_practices_relaxed_rs.rds,bcs_fancy_rest_c_avg,fancy_rest_c,Fine Dining Frequency,Dining & Arts Practices,cs_average,mean_1_6,0.125178485,0.12517036076149,0.04009998986910552,0.047579392375,0.059476393833333335,0.1905339058333333,0.20476636916666668,1,0
practices,Dining Practices,relaxed,Relaxed CS,rs,Crossed Random Slopes,hier_practices_relaxed_rs.rds,bcs_fancy_rest_c[1],fancy_rest_c,Fine Dining Frequency,Dining & Arts Practices,cs_step,1,-0.00940585,-0.01000271133381,0.05187310470478428,-0.11206349999999998,-0.09705090999999999,0.07341383499999994,0.0894263525,0.4285,0.5715
practices,Dining Practices,relaxed,Relaxed CS,rs,Crossed Random Slopes,hier_practices_relaxed_rs.rds,bcs_fancy_rest_c[2],fancy_rest_c,Fine Dining Frequency,Dining & Arts Practices,cs_step,2,0.047874150000000004,0.04809738077325,0.055386807077270436,-0.059365737499999995,-0.043921055,0.13798979999999997,0.157694175,0.80275,0.19725
practices,Dining Practices,relaxed,Relaxed CS,rs,Crossed Random Slopes,hier_practices_relaxed_rs.rds,bcs_fancy_rest_c[3],fancy_rest_c,Fine Dining Frequency,Dining & Arts Practices,cs_step,3,0.019373500000000002,0.0186704885445,0.05307354747341357,-0.085064695,-0.0680494,0.10613964999999999,0.12400697500000002,0.6335,0.3665
practices,Dining Practices,relaxed,Relaxed CS,rs,Crossed Random Slopes,hier_practices_relaxed_rs.rds,bcs_fancy_rest_c[4],fancy_rest_c,Fine Dining Frequency,Dining & Arts Practices,cs_step,4,0.165191,0.16411583506,0.055718125427120714,0.0571315375,0.072080995,0.2546938999999999,0.27441515000000005,0.99875,0.00125
practices,Dining Practices,relaxed,Relaxed CS,rs,Crossed Random Slopes,hier_practices_relaxed_rs.rds,bcs_fancy_rest_c[5],fancy_rest_c,Fine Dining Frequency,Dining & Arts Practices,cs_step,5,0.28504050000000003,0.28544718255,0.06105492430171011,0.1653317,0.1844125,0.38494494999999995,0.40706655,1,0
practices,Dining Practices,relaxed,Relaxed CS,rs,Crossed Random Slopes,hier_practices_relaxed_rs.rds,bcs_fancy_rest_c[6],fancy_rest_c,Fine Dining Frequency,Dining & Arts Practices,cs_step,6,0.242944,0.244693988975,0.06448544055687531,0.119865125,0.14261985000000002,0.35220245,0.37315067500000004,1,0
practices,Dining Practices,relaxed,Relaxed CS,rs,Crossed Random Slopes,hier_practices_relaxed_rs.rds,bcs_fast_food_c_avg,fast_food_c,Fast Food Frequency,Dining & Arts Practices,cs_average,mean_1_6,0.046093275,0.04577893461300542,0.031802046325014724,-0.018732276541666662,-0.007130052166666667,0.09720995916666667,0.10500923208333333,0.921,0.079
practices,Dining Practices,relaxed,Relaxed CS,rs,Crossed Random Slopes,hier_practices_relaxed_rs.rds,bcs_fast_food_c[1],fast_food_c,Fast Food Frequency,Dining & Arts Practices,cs_step,1,-0.05469335,-0.055010632553425,0.04150482336508995,-0.13833310000000001,-0.1233305,0.012046399999999987,0.024646425000000013,0.09325,0.90675
practices,Dining Practices,relaxed,Relaxed CS,rs,Crossed Random Slopes,hier_practices_relaxed_rs.rds,bcs_fast_food_c[2],fast_food_c,Fast Food Frequency,Dining & Arts Practices,cs_step,2,0.027330149999999998,0.0261993163758825,0.04390836065285263,-0.059388912499999995,-0.046523965,0.09736126499999999,0.10974982500000001,0.72225,0.27775
practices,Dining Practices,relaxed,Relaxed CS,rs,Crossed Random Slopes,hier_practices_relaxed_rs.rds,bcs_fast_food_c[3],fast_food_c,Fast Food Frequency,Dining & Arts Practices,cs_step,3,0.0624579,0.061367839685625,0.042369648357721605,-0.023057785,-0.009485434,0.13151215,0.14420637500000003,0.922,0.078
practices,Dining Practices,relaxed,Relaxed CS,rs,Crossed Random Slopes,hier_practices_relaxed_rs.rds,bcs_fast_food_c[4],fast_food_c,Fast Food Frequency,Dining & Arts Practices,cs_step,4,-0.0149131,-0.0150327041192,0.04430289945253412,-0.10315685,-0.08773853499999998,0.05851014999999999,0.07115125750000008,0.362,0.638
practices,Dining Practices,relaxed,Relaxed CS,rs,Crossed Random Slopes,hier_practices_relaxed_rs.rds,bcs_fast_food_c[5],fast_food_c,Fast Food Frequency,Dining & Arts Practices,cs_step,5,0.09039269999999999,0.09007625003525,0.048711412555407986,-0.006413087749999998,0.008664389500000001,0.16869344999999994,0.184116525,0.96575,0.03425
practices,Dining Practices,relaxed,Relaxed CS,rs,Crossed Random Slopes,hier_practices_relaxed_rs.rds,bcs_fast_food_c[6],fast_food_c,Fast Food Frequency,Dining & Arts Practices,cs_step,6,0.166729,0.1670735382539,0.05300761953365042,0.063935605,0.08086856000000002,0.2536181,0.27224185000000006,0.999,0.001
practices,Dining Practices,relaxed,Relaxed CS,rs,Crossed Random Slopes,hier_practices_relaxed_rs.rds,bcs_highbrow_arts_c_avg,highbrow_arts_c,Adult Highbrow Arts Attendance,Dining & Arts Practices,cs_average,mean_1_6,0.10223754166666668,0.10141320858189358,0.045897265734493285,0.009802646249999996,0.025346253333333343,0.17595696166666663,0.18746479400000005,0.98625,0.01375
practices,Dining Practices,relaxed,Relaxed CS,rs,Crossed Random Slopes,hier_practices_relaxed_rs.rds,bcs_highbrow_arts_c[1],highbrow_arts_c,Adult Highbrow Arts Attendance,Dining & Arts Practices,cs_step,1,-0.0228329,-0.0228467304736885,0.060621117410070556,-0.13961417499999998,-0.12290975,0.07613587499999995,0.0976060675,0.34875,0.65125
practices,Dining Practices,relaxed,Relaxed CS,rs,Crossed Random Slopes,hier_practices_relaxed_rs.rds,bcs_highbrow_arts_c[2],highbrow_arts_c,Adult Highbrow Arts Attendance,Dining & Arts Practices,cs_step,2,0.42503599999999997,0.4256642255,0.06192829839582386,0.3021719,0.32370365,0.5260966499999999,0.5445959,1,0
practices,Dining Practices,relaxed,Relaxed CS,rs,Crossed Random Slopes,hier_practices_relaxed_rs.rds,bcs_highbrow_arts_c[3],highbrow_arts_c,Adult Highbrow Arts Attendance,Dining & Arts Practices,cs_step,3,0.01943245,0.01985447234405,0.05870882401026577,-0.09548233499999999,-0.07837802999999999,0.11750604999999997,0.134306475,0.6285,0.3715
practices,Dining Practices,relaxed,Relaxed CS,rs,Crossed Random Slopes,hier_practices_relaxed_rs.rds,bcs_highbrow_arts_c[4],highbrow_arts_c,Adult Highbrow Arts Attendance,Dining & Arts Practices,cs_step,4,0.4654915,0.465235592,0.05970360516571827,0.34705037499999997,0.36794455,0.5622888999999999,0.5793130249999999,1,0
practices,Dining Practices,relaxed,Relaxed CS,rs,Crossed Random Slopes,hier_practices_relaxed_rs.rds,bcs_highbrow_arts_c[5],highbrow_arts_c,Adult Highbrow Arts Attendance,Dining & Arts Practices,cs_step,5,-0.12481249999999999,-0.12483407340025,0.06087814805370716,-0.244412825,-0.22534415,-0.027752280000000032,-0.007263568999999998,0.01975,0.98025
practices,Dining Practices,relaxed,Relaxed CS,rs,Crossed Random Slopes,hier_practices_relaxed_rs.rds,bcs_highbrow_arts_c[6],highbrow_arts_c,Adult Highbrow Arts Attendance,Dining & Arts Practices,cs_step,6,-0.1551025,-0.15459423447875,0.06606950829530377,-0.285930075,-0.26511094999999996,-0.04759451500000016,-0.02705191249999998,0.009,0.991
dispositions,Food Taste Disp,strict,Strict (Equal Slopes),ri,Random Intercepts,hier_dispositions_strict_ri.rds,b_educ_c,educ_c,Educational Attainment,Cultural Capital,scalar,global,0.11624899999999999,0.1173748063225,0.03575983196765772,0.05024832,0.05976497,0.17726725,0.18942892500000003,0.99975,2.5e-4
dispositions,Food Taste Disp,strict,Strict (Equal Slopes),ri,Random Intercepts,hier_dispositions_strict_ri.rds,b_peduc_c,peduc_c,Parental Education,Cultural Capital,scalar,global,-0.019493,-0.0196214361527875,0.03235953665095251,-0.082578895,-0.07441458999999999,0.03307592999999992,0.042444615000000026,0.2705,0.7295
dispositions,Food Taste Disp,strict,Strict (Equal Slopes),ri,Random Intercepts,hier_dispositions_strict_ri.rds,b_arts_c,arts_c,Childhood Arts Socialization,Cultural Capital,scalar,global,-0.02628375,-0.0255931980174275,0.03165684987080975,-0.0874114725,-0.077368955,0.026889679999999982,0.039270887500000004,0.2085,0.7915
dispositions,Food Taste Disp,strict,Strict (Equal Slopes),ri,Random Intercepts,hier_dispositions_strict_ri.rds,b_social_c,social_c,Social Conservatism,Ideology,scalar,global,0.129042,0.12964750645,0.0462855407505668,0.039606640000000005,0.05572345,0.20720105,0.220946375,0.99875,0.00125
dispositions,Food Taste Disp,strict,Strict (Equal Slopes),ri,Random Intercepts,hier_dispositions_strict_ri.rds,b_economic_c,economic_c,Economic Conservatism,Ideology,scalar,global,-0.01193205,-0.01271385585165,0.04669744052165818,-0.10614855000000001,-0.09046160499999999,0.06253712999999997,0.07500415250000002,0.40375,0.59625
dispositions,Food Taste Disp,strict,Strict (Equal Slopes),ri,Random Intercepts,hier_dispositions_strict_ri.rds,b_taste_authentic_c,taste_authentic_c,Dispositions: Exotic / Authentic,Taste Dispositions,scalar,global,-0.08478905,-0.0841291339846,0.030480674301667347,-0.141601675,-0.132833,-0.03334077500000004,-0.021383494999999995,0.00525,0.99475
dispositions,Food Taste Disp,strict,Strict (Equal Slopes),ri,Random Intercepts,hier_dispositions_strict_ri.rds,b_taste_familiar_c,taste_familiar_c,Dispositions: Familiar Comfort,Taste Dispositions,scalar,global,-0.008350505000000001,-0.008169308239125,0.030131444980763672,-0.0655137125,-0.05635029,0.04271671,0.052171165,0.38425,0.61575
dispositions,Food Taste Disp,strict,Strict (Equal Slopes),ri,Random Intercepts,hier_dispositions_strict_ri.rds,b_taste_light_c,taste_light_c,Dispositions: Light / Fresh,Taste Dispositions,scalar,global,-0.044148,-0.043774159993025,0.029891192780490752,-0.100017925,-0.0923685,0.005167995499999998,0.01573809250000001,0.0705,0.9295
dispositions,Food Taste Disp,strict,Strict (Equal Slopes),ri,Random Intercepts,hier_dispositions_strict_ri.rds,b_taste_rich_c,taste_rich_c,Dispositions: Rich / Hearty,Taste Dispositions,scalar,global,-0.0457695,-0.046084451885675,0.029542296935367897,-0.1058107,-0.095746505,0.002326647999999996,0.010344810000000005,0.05775,0.94225
dispositions,Food Taste Disp,strict,Strict (Equal Slopes),ri,Random Intercepts,hier_dispositions_strict_ri.rds,b_income_c,income_c,Household Income,Demographics,scalar,global,0.028997500000000002,0.028288956957385,0.031209683575938195,-0.034139072500000006,-0.023673685,0.077932885,0.08858912000000002,0.82025,0.17975
dispositions,Food Taste Disp,strict,Strict (Equal Slopes),ri,Random Intercepts,hier_dispositions_strict_ri.rds,b_age_c,age_c,Age,Demographics,scalar,global,-0.06457985,-0.0640027338526,0.029523226251708803,-0.12268505,-0.11252635,-0.014249295000000009,-0.005393437749999974,0.017,0.983
dispositions,Food Taste Disp,strict,Strict (Equal Slopes),ri,Random Intercepts,hier_dispositions_strict_ri.rds,b_gend.fWoman,gend.fWoman,Gender: Woman,Demographics,scalar,global,-0.15481699999999998,-0.156321367585,0.05669923542999374,-0.268013825,-0.2524674,-0.06590877500000003,-0.04701308499999995,0.0035,0.9965
dispositions,Food Taste Disp,strict,Strict (Equal Slopes),ri,Random Intercepts,hier_dispositions_strict_ri.rds,b_gend.fNonbinaryDOther,gend.fNonbinaryDOther,Gender: Nonbinary / Other,Demographics,scalar,global,-0.2906655,-0.28937451138455,0.26729742775509524,-0.805159575,-0.72248695,0.1571175499999997,0.22717247500000004,0.138,0.862
dispositions,Food Taste Disp,strict,Strict (Equal Slopes),ri,Random Intercepts,hier_dispositions_strict_ri.rds,b_race.fAsian,race.fAsian,Ethnoracial: Asian,Ethnoracial Identification,scalar,global,-0.07965625000000001,-0.07764593721295,0.12218839903192517,-0.315592925,-0.2826274,0.12154485,0.15558737500000003,0.2725,0.7275
dispositions,Food Taste Disp,strict,Strict (Equal Slopes),ri,Random Intercepts,hier_dispositions_strict_ri.rds,b_race.fBlack,race.fBlack,Ethnoracial: Black,Ethnoracial Identification,scalar,global,0.027909549999999998,0.0281010957595,0.08507502497105388,-0.138362025,-0.11174145,0.17183939999999998,0.196231875,0.63025,0.36975
dispositions,Food Taste Disp,strict,Strict (Equal Slopes),ri,Random Intercepts,hier_dispositions_strict_ri.rds,b_race.fHispanic,race.fHispanic,Ethnoracial: Hispanic / Latino,Ethnoracial Identification,scalar,global,-0.00136696,-0.0015547048540000001,0.11571378375579736,-0.23082789999999997,-0.1928762,0.1849848499999999,0.224129525,0.496,0.504
dispositions,Food Taste Disp,strict,Strict (Equal Slopes),ri,Random Intercepts,hier_dispositions_strict_ri.rds,b_race.fMixedOther,race.fMixedOther,Ethnoracial: Mixed Other,Ethnoracial Identification,scalar,global,-0.16359200000000002,-0.165176970534225,0.1741257903524281,-0.517559375,-0.45216955,0.12101704999999996,0.1745584250000001,0.16575,0.83425
dispositions,Food Taste Disp,strict,Strict (Equal Slopes),ri,Random Intercepts,hier_dispositions_strict_ri.rds,b_race.fMixedWhite,race.fMixedWhite,Ethnoracial: Mixed White,Ethnoracial Identification,scalar,global,-0.26356650000000004,-0.2640339247615,0.10014336869790483,-0.459416575,-0.4286289,-0.10015422500000011,-0.06819108499999997,0.0045,0.9955
dispositions,Food Taste Disp,relaxed,Relaxed CS,ri,Random Intercepts,hier_dispositions_relaxed_ri.rds,b_income_c,income_c,Household Income,Demographics,scalar,global,0.0329182,0.03235522729605,0.030719809267915094,-0.02770426,-0.018372544999999997,0.08353966,0.0933029075,0.85075,0.14925
dispositions,Food Taste Disp,relaxed,Relaxed CS,ri,Random Intercepts,hier_dispositions_relaxed_ri.rds,b_age_c,age_c,Age,Demographics,scalar,global,-0.06477525,-0.06479308480425,0.031089968513652685,-0.12426812500000001,-0.1158562,-0.014572515000000017,-0.0017518597499999997,0.0225,0.9775
dispositions,Food Taste Disp,relaxed,Relaxed CS,ri,Random Intercepts,hier_dispositions_relaxed_ri.rds,b_gend.fWoman,gend.fWoman,Gender: Woman,Demographics,scalar,global,-0.1768015,-0.1767485790205,0.054198540329690875,-0.2802593,-0.26468355000000005,-0.08684714500000003,-0.07192447249999995,0.00125,0.99875
dispositions,Food Taste Disp,relaxed,Relaxed CS,ri,Random Intercepts,hier_dispositions_relaxed_ri.rds,b_gend.fNonbinaryDOther,gend.fNonbinaryDOther,Gender: Nonbinary / Other,Demographics,scalar,global,-0.34427399999999997,-0.349993791944,0.2658838532117047,-0.8687931000000001,-0.7897276499999999,0.06820845999999998,0.16365037500000015,0.0845,0.9155
dispositions,Food Taste Disp,relaxed,Relaxed CS,ri,Random Intercepts,hier_dispositions_relaxed_ri.rds,b_race.fAsian,race.fAsian,Ethnoracial: Asian,Ethnoracial Identification,scalar,global,-0.09427450000000001,-0.091726298086825,0.12946545196489062,-0.341908525,-0.29914749999999996,0.1204928499999999,0.15811017500000002,0.23625,0.76375
dispositions,Food Taste Disp,relaxed,Relaxed CS,ri,Random Intercepts,hier_dispositions_relaxed_ri.rds,b_race.fBlack,race.fBlack,Ethnoracial: Black,Ethnoracial Identification,scalar,global,0.062234399999999995,0.061037249320575,0.08338167530761073,-0.10608732500000001,-0.079832905,0.19881014999999994,0.22566170000000008,0.7705,0.2295
dispositions,Food Taste Disp,relaxed,Relaxed CS,ri,Random Intercepts,hier_dispositions_relaxed_ri.rds,b_race.fHispanic,race.fHispanic,Ethnoracial: Hispanic / Latino,Ethnoracial Identification,scalar,global,0.013396700000000001,0.01473151114,0.12695135271082694,-0.22950737499999999,-0.1940035,0.22935594999999998,0.27011852500000005,0.54475,0.45525
dispositions,Food Taste Disp,relaxed,Relaxed CS,ri,Random Intercepts,hier_dispositions_relaxed_ri.rds,b_race.fMixedOther,race.fMixedOther,Ethnoracial: Mixed Other,Ethnoracial Identification,scalar,global,-0.2044845,-0.204191456147375,0.17333031786650407,-0.5444354499999999,-0.49252889999999994,0.08317846999999978,0.1313472000000001,0.11625,0.88375
dispositions,Food Taste Disp,relaxed,Relaxed CS,ri,Random Intercepts,hier_dispositions_relaxed_ri.rds,b_race.fMixedWhite,race.fMixedWhite,Ethnoracial: Mixed White,Ethnoracial Identification,scalar,global,-0.2792165,-0.27668560673,0.09715623411489309,-0.4633148,-0.4346856,-0.11562235000000015,-0.08600969749999997,0.00225,0.99775
dispositions,Food Taste Disp,relaxed,Relaxed CS,ri,Random Intercepts,hier_dispositions_relaxed_ri.rds,bcs_educ_c_avg,educ_c,Educational Attainment,Cultural Capital,cs_average,mean_1_6,0.12044801666666666,0.1203318679070375,0.0339553943225303,0.055100087374999995,0.06593739833333334,0.1771682375,0.1868238229166667,1,0
dispositions,Food Taste Disp,relaxed,Relaxed CS,ri,Random Intercepts,hier_dispositions_relaxed_ri.rds,bcs_educ_c[1],educ_c,Educational Attainment,Cultural Capital,cs_step,1,0.08003569999999999,0.0794706456407,0.043622279602794224,-0.005492951749999998,0.008993267000000001,0.1504751,0.16508385000000003,0.9675,0.0325
dispositions,Food Taste Disp,relaxed,Relaxed CS,ri,Random Intercepts,hier_dispositions_relaxed_ri.rds,bcs_educ_c[2],educ_c,Educational Attainment,Cultural Capital,cs_step,2,0.07268935,0.0718532646414,0.045930918475863135,-0.0191018225,-0.006635323499999996,0.1470995,0.159935925,0.93725,0.06275
dispositions,Food Taste Disp,relaxed,Relaxed CS,ri,Random Intercepts,hier_dispositions_relaxed_ri.rds,bcs_educ_c[3],educ_c,Educational Attainment,Cultural Capital,cs_step,3,0.077703,0.078306452734075,0.04546522452818187,-0.008081518999999999,0.004648673000000002,0.15212179999999997,0.16602075000000002,0.9585,0.0415
dispositions,Food Taste Disp,relaxed,Relaxed CS,ri,Random Intercepts,hier_dispositions_relaxed_ri.rds,bcs_educ_c[4],educ_c,Educational Attainment,Cultural Capital,cs_step,4,0.22603299999999998,0.226403296125,0.0474237104363155,0.13327285,0.14849245,0.3069029,0.321355675,1,0
dispositions,Food Taste Disp,relaxed,Relaxed CS,ri,Random Intercepts,hier_dispositions_relaxed_ri.rds,bcs_educ_c[5],educ_c,Educational Attainment,Cultural Capital,cs_step,5,0.1703935,0.1711614407805,0.053114548454858565,0.067363675,0.084024835,0.2585036,0.27705799999999997,0.99975,2.5e-4
dispositions,Food Taste Disp,relaxed,Relaxed CS,ri,Random Intercepts,hier_dispositions_relaxed_ri.rds,bcs_educ_c[6],educ_c,Educational Attainment,Cultural Capital,cs_step,6,0.09586924999999999,0.09479610752055,0.05727461510456382,-0.0180242025,-3.8279909999999994e-4,0.18739309999999998,0.20527365000000003,0.9495,0.0505
dispositions,Food Taste Disp,relaxed,Relaxed CS,ri,Random Intercepts,hier_dispositions_relaxed_ri.rds,bcs_peduc_c_avg,peduc_c,Parental Education,Cultural Capital,cs_average,mean_1_6,-0.035335763333333325,-0.0355739642043525,0.032280053741250286,-0.10036701708333333,-0.09003272749999999,0.01697878628333332,0.026092204583333348,0.128,0.872
dispositions,Food Taste Disp,relaxed,Relaxed CS,ri,Random Intercepts,hier_dispositions_relaxed_ri.rds,bcs_peduc_c[1],peduc_c,Parental Education,Cultural Capital,cs_step,1,-0.00645273,-0.00757773956013,0.043566702332011834,-0.09433804000000001,-0.07887667,0.06251036999999991,0.07584519250000002,0.4365,0.5635
dispositions,Food Taste Disp,relaxed,Relaxed CS,ri,Random Intercepts,hier_dispositions_relaxed_ri.rds,bcs_peduc_c[2],peduc_c,Parental Education,Cultural Capital,cs_step,2,-0.015763649999999997,-0.016484576869685,0.044971445038018726,-0.10385770000000001,-0.091840735,0.05793300999999999,0.06934769250000006,0.35625,0.64375
dispositions,Food Taste Disp,relaxed,Relaxed CS,ri,Random Intercepts,hier_dispositions_relaxed_ri.rds,bcs_peduc_c[3],peduc_c,Parental Education,Cultural Capital,cs_step,3,-0.07270095,-0.07301492383,0.04476525475484302,-0.161103475,-0.1473411,-1.4791230000000142e-4,0.014158162500000026,0.0495,0.9505
dispositions,Food Taste Disp,relaxed,Relaxed CS,ri,Random Intercepts,hier_dispositions_relaxed_ri.rds,bcs_peduc_c[4],peduc_c,Parental Education,Cultural Capital,cs_step,4,0.117121,0.11670509061245,0.046009118247756386,0.024762737500000003,0.041064655000000005,0.19302865,0.20673042500000002,0.99475,0.00525
dispositions,Food Taste Disp,relaxed,Relaxed CS,ri,Random Intercepts,hier_dispositions_relaxed_ri.rds,bcs_peduc_c[5],peduc_c,Parental Education,Cultural Capital,cs_step,5,-0.13090600000000002,-0.13094620720625,0.05124175654048312,-0.23016995,-0.21621859999999998,-0.047321415000000096,-0.0291402375,0.00425,0.99575
dispositions,Food Taste Disp,relaxed,Relaxed CS,ri,Random Intercepts,hier_dispositions_relaxed_ri.rds,bcs_peduc_c[6],peduc_c,Parental Education,Cultural Capital,cs_step,6,-0.101449,-0.1021254283725,0.057555397108093584,-0.21465287500000002,-0.19719215,-0.008817108500000025,0.009189188000000076,0.036,0.964
dispositions,Food Taste Disp,relaxed,Relaxed CS,ri,Random Intercepts,hier_dispositions_relaxed_ri.rds,bcs_arts_c_avg,arts_c,Childhood Arts Socialization,Cultural Capital,cs_average,mean_1_6,-0.022235208333333333,-0.022890770519013334,0.031193413848227797,-0.08542571541666667,-0.07542331186666666,0.028070361583333318,0.0366378190416667,0.234,0.766
dispositions,Food Taste Disp,relaxed,Relaxed CS,ri,Random Intercepts,hier_dispositions_relaxed_ri.rds,bcs_arts_c[1],arts_c,Childhood Arts Socialization,Cultural Capital,cs_step,1,-0.0676089,-0.0679767430297,0.041535369777029776,-0.148575875,-0.13561885,2.1748844999998986e-4,0.01151799000000001,0.0505,0.9495
dispositions,Food Taste Disp,relaxed,Relaxed CS,ri,Random Intercepts,hier_dispositions_relaxed_ri.rds,bcs_arts_c[2],arts_c,Childhood Arts Socialization,Cultural Capital,cs_step,2,0.011679100000000001,0.011423433041495,0.04401737207453703,-0.07628802999999999,-0.062582665,0.08386733999999992,0.09687874,0.60025,0.39975
dispositions,Food Taste Disp,relaxed,Relaxed CS,ri,Random Intercepts,hier_dispositions_relaxed_ri.rds,bcs_arts_c[3],arts_c,Childhood Arts Socialization,Cultural Capital,cs_step,3,-0.023092349999999998,-0.021470399991825,0.04377943924036312,-0.10671475000000001,-0.09377750500000001,0.051166014999999995,0.061848427500000004,0.316,0.684
dispositions,Food Taste Disp,relaxed,Relaxed CS,ri,Random Intercepts,hier_dispositions_relaxed_ri.rds,bcs_arts_c[4],arts_c,Childhood Arts Socialization,Cultural Capital,cs_step,4,-0.063821,-0.064141837100075,0.0452177658635284,-0.153692425,-0.13983015000000001,0.010137524999999998,0.022362972500000012,0.08025,0.91975
dispositions,Food Taste Disp,relaxed,Relaxed CS,ri,Random Intercepts,hier_dispositions_relaxed_ri.rds,bcs_arts_c[5],arts_c,Childhood Arts Socialization,Cultural Capital,cs_step,5,0.01807325,0.0176244753959,0.050852422066815235,-0.08125352000000001,-0.066676475,0.1026091,0.11503675000000005,0.6375,0.3625
dispositions,Food Taste Disp,relaxed,Relaxed CS,ri,Random Intercepts,hier_dispositions_relaxed_ri.rds,bcs_arts_c[6],arts_c,Childhood Arts Socialization,Cultural Capital,cs_step,6,-0.012004649999999999,-0.012803551429875,0.055099990991045636,-0.12036749999999999,-0.1050789,0.07833231499999999,0.09570480000000002,0.41575,0.58425
dispositions,Food Taste Disp,relaxed,Relaxed CS,ri,Random Intercepts,hier_dispositions_relaxed_ri.rds,bcs_social_c_avg,social_c,Social Conservatism,Ideology,cs_average,mean_1_6,0.1632831416666667,0.16260839914129083,0.048941140018472794,0.06607355466666666,0.08045921416666667,0.240693325,0.25406416725000003,1,0
dispositions,Food Taste Disp,relaxed,Relaxed CS,ri,Random Intercepts,hier_dispositions_relaxed_ri.rds,bcs_social_c[1],social_c,Social Conservatism,Ideology,cs_step,1,-0.09917365,-0.1011754544626,0.06734320099740425,-0.23518599999999998,-0.21300750000000002,0.009009231499999864,0.029437647500000007,0.065,0.935
dispositions,Food Taste Disp,relaxed,Relaxed CS,ri,Random Intercepts,hier_dispositions_relaxed_ri.rds,bcs_social_c[2],social_c,Social Conservatism,Ideology,cs_step,2,0.04742475,0.04804360980677,0.06866268926193433,-0.08877761,-0.06597112,0.16166645000000002,0.17806612500000002,0.763,0.237
dispositions,Food Taste Disp,relaxed,Relaxed CS,ri,Random Intercepts,hier_dispositions_relaxed_ri.rds,bcs_social_c[3],social_c,Social Conservatism,Ideology,cs_step,3,0.11322,0.11250543503325,0.06772593791692853,-0.0224965475,3.443523500000013e-4,0.22395869999999998,0.245057675,0.951,0.049
dispositions,Food Taste Disp,relaxed,Relaxed CS,ri,Random Intercepts,hier_dispositions_relaxed_ri.rds,bcs_social_c[4],social_c,Social Conservatism,Ideology,cs_step,4,0.14715250000000002,0.146685086870325,0.0683926758580401,0.014646795000000002,0.03434587000000001,0.25853675,0.27706615,0.986,0.014
dispositions,Food Taste Disp,relaxed,Relaxed CS,ri,Random Intercepts,hier_dispositions_relaxed_ri.rds,bcs_social_c[5],social_c,Social Conservatism,Ideology,cs_step,5,0.3014035,0.30091937435,0.07618245716344851,0.151352775,0.1743752,0.42500115,0.4473935,1,0
dispositions,Food Taste Disp,relaxed,Relaxed CS,ri,Random Intercepts,hier_dispositions_relaxed_ri.rds,bcs_social_c[6],social_c,Social Conservatism,Ideology,cs_step,6,0.468736,0.46867234325,0.08670323854562471,0.29835039999999996,0.32637165,0.61450514999999994,0.63845315,1,0
dispositions,Food Taste Disp,relaxed,Relaxed CS,ri,Random Intercepts,hier_dispositions_relaxed_ri.rds,bcs_economic_c_avg,economic_c,Economic Conservatism,Ideology,cs_average,mean_1_6,-0.03850694525,-0.0386085331535625,0.049213190615611024,-0.13664989991666668,-0.12094588166666667,0.04093769416666666,0.059919631041666706,0.2125,0.7875
dispositions,Food Taste Disp,relaxed,Relaxed CS,ri,Random Intercepts,hier_dispositions_relaxed_ri.rds,bcs_economic_c[1],economic_c,Economic Conservatism,Ideology,cs_step,1,0.110895,0.111200398925,0.06634686061035054,-0.018807312500000003,9.410383500000006e-4,0.21841529999999998,0.24177895,0.9515,0.0485
dispositions,Food Taste Disp,relaxed,Relaxed CS,ri,Random Intercepts,hier_dispositions_relaxed_ri.rds,bcs_economic_c[2],economic_c,Economic Conservatism,Ideology,cs_step,2,0.014489499999999999,0.01400337998965,0.06802739496161923,-0.119431475,-0.10073425,0.12360944999999997,0.14790985000000004,0.5795,0.4205
dispositions,Food Taste Disp,relaxed,Relaxed CS,ri,Random Intercepts,hier_dispositions_relaxed_ri.rds,bcs_economic_c[3],economic_c,Economic Conservatism,Ideology,cs_step,3,3.53291e-4,-2.2496799762499996e-4,0.06789337819469499,-0.13493455,-0.11254345,0.11152754999999998,0.13256135000000002,0.50275,0.49725
dispositions,Food Taste Disp,relaxed,Relaxed CS,ri,Random Intercepts,hier_dispositions_relaxed_ri.rds,bcs_economic_c[4],economic_c,Economic Conservatism,Ideology,cs_step,4,0.0609441,0.0604437285781,0.06964945979818693,-0.07315605250000001,-0.053370234999999995,0.17467199999999997,0.19806237500000004,0.80375,0.19625
dispositions,Food Taste Disp,relaxed,Relaxed CS,ri,Random Intercepts,hier_dispositions_relaxed_ri.rds,bcs_economic_c[5],economic_c,Economic Conservatism,Ideology,cs_step,5,-0.1275955,-0.127382045139,0.07736420472822896,-0.27709724999999996,-0.25461795000000004,-8.622662500000015e-4,0.022337595000000064,0.04825,0.95175
dispositions,Food Taste Disp,relaxed,Relaxed CS,ri,Random Intercepts,hier_dispositions_relaxed_ri.rds,bcs_economic_c[6],economic_c,Economic Conservatism,Ideology,cs_step,6,-0.2887765,-0.2896916932775,0.08774510739008787,-0.464240475,-0.43647345000000004,-0.14366715000000005,-0.11724857499999998,2.5e-4,0.99975
dispositions,Food Taste Disp,relaxed,Relaxed CS,ri,Random Intercepts,hier_dispositions_relaxed_ri.rds,bcs_taste_authentic_c_avg,taste_authentic_c,Dispositions: Exotic / Authentic,Taste Dispositions,cs_average,mean_1_6,-0.08878567500000001,-0.08894385143930292,0.030447546979057286,-0.14837142958333333,-0.14037379416666665,-0.03838897400000001,-0.028545089999999967,0.001,0.999
dispositions,Food Taste Disp,relaxed,Relaxed CS,ri,Random Intercepts,hier_dispositions_relaxed_ri.rds,bcs_taste_authentic_c[1],taste_authentic_c,Dispositions: Exotic / Authentic,Taste Dispositions,cs_step,1,-0.1237075,-0.1235783371725,0.04182682113735998,-0.20100525,-0.1910721,-0.05281051,-0.038487617499999995,0.001,0.999
dispositions,Food Taste Disp,relaxed,Relaxed CS,ri,Random Intercepts,hier_dispositions_relaxed_ri.rds,bcs_taste_authentic_c[2],taste_authentic_c,Dispositions: Exotic / Authentic,Taste Dispositions,cs_step,2,-0.06948825,-0.0694405977096,0.04375677997408709,-0.15481375,-0.14112534999999998,0.0030793379999999658,0.01693015500000008,0.05725,0.94275
dispositions,Food Taste Disp,relaxed,Relaxed CS,ri,Random Intercepts,hier_dispositions_relaxed_ri.rds,bcs_taste_authentic_c[3],taste_authentic_c,Dispositions: Exotic / Authentic,Taste Dispositions,cs_step,3,-0.1966435,-0.196817793075,0.042696198800390654,-0.280460225,-0.2676856,-0.12729920000000006,-0.11467872499999998,0,1
dispositions,Food Taste Disp,relaxed,Relaxed CS,ri,Random Intercepts,hier_dispositions_relaxed_ri.rds,bcs_taste_authentic_c[4],taste_authentic_c,Dispositions: Exotic / Authentic,Taste Dispositions,cs_step,4,0.025907350000000003,0.0259696536563575,0.04330157303694394,-0.057722115000000004,-0.045672204999999994,0.096622315,0.11072340000000003,0.726,0.274
dispositions,Food Taste Disp,relaxed,Relaxed CS,ri,Random Intercepts,hier_dispositions_relaxed_ri.rds,bcs_taste_authentic_c[5],taste_authentic_c,Dispositions: Exotic / Authentic,Taste Dispositions,cs_step,5,-0.06286305,-0.062453472546475,0.048531960900766113,-0.158561075,-0.14164124999999997,0.01719283499999995,0.03363950000000005,0.0975,0.9025
dispositions,Food Taste Disp,relaxed,Relaxed CS,ri,Random Intercepts,hier_dispositions_relaxed_ri.rds,bcs_taste_authentic_c[6],taste_authentic_c,Dispositions: Exotic / Authentic,Taste Dispositions,cs_step,6,-0.106932,-0.1073425617886,0.05111001516974811,-0.208041475,-0.1922024,-0.02268921,-0.006682594749999974,0.01575,0.98425
dispositions,Food Taste Disp,relaxed,Relaxed CS,ri,Random Intercepts,hier_dispositions_relaxed_ri.rds,bcs_taste_familiar_c_avg,taste_familiar_c,Dispositions: Familiar Comfort,Taste Dispositions,cs_average,mean_1_6,0.04236995,0.042190314866883336,0.03012740180230379,-0.015410359725000001,-0.0067792615833333365,0.0917275675,0.10099457541666668,0.9255,0.0745
dispositions,Food Taste Disp,relaxed,Relaxed CS,ri,Random Intercepts,hier_dispositions_relaxed_ri.rds,bcs_taste_familiar_c[1],taste_familiar_c,Dispositions: Familiar Comfort,Taste Dispositions,cs_step,1,-0.185633,-0.184906067665,0.04053008403737506,-0.264695175,-0.2522559,-0.1180350000000001,-0.106226525,0,1
dispositions,Food Taste Disp,relaxed,Relaxed CS,ri,Random Intercepts,hier_dispositions_relaxed_ri.rds,bcs_taste_familiar_c[2],taste_familiar_c,Dispositions: Familiar Comfort,Taste Dispositions,cs_step,2,-0.09237845,-0.093030753426,0.0425824779210744,-0.17647427499999999,-0.16430485,-0.022530015000000007,-0.010975342499999987,0.01325,0.98675
dispositions,Food Taste Disp,relaxed,Relaxed CS,ri,Random Intercepts,hier_dispositions_relaxed_ri.rds,bcs_taste_familiar_c[3],taste_familiar_c,Dispositions: Familiar Comfort,Taste Dispositions,cs_step,3,0.05605405,0.05587263710145,0.04162069963160148,-0.02443335,-0.013001259999999997,0.12551924999999994,0.13720300000000002,0.906,0.094
dispositions,Food Taste Disp,relaxed,Relaxed CS,ri,Random Intercepts,hier_dispositions_relaxed_ri.rds,bcs_taste_familiar_c[4],taste_familiar_c,Dispositions: Familiar Comfort,Taste Dispositions,cs_step,4,-0.045899499999999996,-0.04586558905665,0.04322074723660631,-0.1287124,-0.11576025,0.025770199999999927,0.03802844250000001,0.14925,0.85075
dispositions,Food Taste Disp,relaxed,Relaxed CS,ri,Random Intercepts,hier_dispositions_relaxed_ri.rds,bcs_taste_familiar_c[5],taste_familiar_c,Dispositions: Familiar Comfort,Taste Dispositions,cs_step,5,0.135724,0.1361749974975,0.04863965652525779,0.0413945875,0.055902625000000004,0.21678609999999998,0.23071505,0.99775,0.00225
dispositions,Food Taste Disp,relaxed,Relaxed CS,ri,Random Intercepts,hier_dispositions_relaxed_ri.rds,bcs_taste_familiar_c[6],taste_familiar_c,Dispositions: Familiar Comfort,Taste Dispositions,cs_step,6,0.385258,0.38489666475,0.0544971805216569,0.27675027500000005,0.29552495,0.47383505,0.48904552500000004,1,0
dispositions,Food Taste Disp,relaxed,Relaxed CS,ri,Random Intercepts,hier_dispositions_relaxed_ri.rds,bcs_taste_light_c_avg,taste_light_c,Dispositions: Light / Fresh,Taste Dispositions,cs_average,mean_1_6,-0.01962533333333333,-0.019765079067958335,0.03071442018490544,-0.07887905541666666,-0.06927596166666668,0.03018443949166666,0.038940537158333344,0.2585,0.7415
dispositions,Food Taste Disp,relaxed,Relaxed CS,ri,Random Intercepts,hier_dispositions_relaxed_ri.rds,bcs_taste_light_c[1],taste_light_c,Dispositions: Light / Fresh,Taste Dispositions,cs_step,1,-0.191856,-0.1915943035,0.04194238529221911,-0.275407875,-0.26049505,-0.12325860000000002,-0.108212375,0,1
dispositions,Food Taste Disp,relaxed,Relaxed CS,ri,Random Intercepts,hier_dispositions_relaxed_ri.rds,bcs_taste_light_c[2],taste_light_c,Dispositions: Light / Fresh,Taste Dispositions,cs_step,2,-0.06378755,-0.06415606844665,0.04283757810485881,-0.150603425,-0.13443860000000002,0.006062161499999968,0.018932217500000015,0.068,0.932
dispositions,Food Taste Disp,relaxed,Relaxed CS,ri,Random Intercepts,hier_dispositions_relaxed_ri.rds,bcs_taste_light_c[3],taste_light_c,Dispositions: Light / Fresh,Taste Dispositions,cs_step,3,-0.07404920000000001,-0.07395138356085,0.04131296947681558,-0.15405765,-0.14226315,-0.005631031500000003,0.009138950500000017,0.03925,0.96075
dispositions,Food Taste Disp,relaxed,Relaxed CS,ri,Random Intercepts,hier_dispositions_relaxed_ri.rds,bcs_taste_light_c[4],taste_light_c,Dispositions: Light / Fresh,Taste Dispositions,cs_step,4,-0.0490465,-0.04878520998575,0.042552050568521134,-0.130992575,-0.1186988,0.020219039999999966,0.033623402500000024,0.1325,0.8675
dispositions,Food Taste Disp,relaxed,Relaxed CS,ri,Random Intercepts,hier_dispositions_relaxed_ri.rds,bcs_taste_light_c[5],taste_light_c,Dispositions: Light / Fresh,Taste Dispositions,cs_step,5,0.1314665,0.13124634364,0.048586105405775924,0.0386125575,0.052764885000000004,0.21146809999999996,0.229798475,0.99625,0.00375
dispositions,Food Taste Disp,relaxed,Relaxed CS,ri,Random Intercepts,hier_dispositions_relaxed_ri.rds,bcs_taste_light_c[6],taste_light_c,Dispositions: Light / Fresh,Taste Dispositions,cs_step,6,0.127758,0.1286501474455,0.05390816546627695,0.023383035,0.040942275,0.21903869999999995,0.23735695000000004,0.99275,0.00725
dispositions,Food Taste Disp,relaxed,Relaxed CS,ri,Random Intercepts,hier_dispositions_relaxed_ri.rds,bcs_taste_rich_c_avg,taste_rich_c,Dispositions: Rich / Hearty,Taste Dispositions,cs_average,mean_1_6,-0.023999788333333334,-0.023758440594675,0.031454248844792664,-0.08527848,-0.07431043833333333,0.028237950833333306,0.03766506291666667,0.2225,0.7775
dispositions,Food Taste Disp,relaxed,Relaxed CS,ri,Random Intercepts,hier_dispositions_relaxed_ri.rds,bcs_taste_rich_c[1],taste_rich_c,Dispositions: Rich / Hearty,Taste Dispositions,cs_step,1,-0.209422,-0.2093214138,0.04263796664253165,-0.29203117500000003,-0.2786824,-0.13943570000000002,-0.12659177499999996,0,1
dispositions,Food Taste Disp,relaxed,Relaxed CS,ri,Random Intercepts,hier_dispositions_relaxed_ri.rds,bcs_taste_rich_c[2],taste_rich_c,Dispositions: Rich / Hearty,Taste Dispositions,cs_step,2,-0.11313999999999999,-0.11394487670025,0.044842647469454475,-0.202162,-0.18896904999999997,-0.04078309500000001,-0.026637107499999993,0.0045,0.9955
dispositions,Food Taste Disp,relaxed,Relaxed CS,ri,Random Intercepts,hier_dispositions_relaxed_ri.rds,bcs_taste_rich_c[3],taste_rich_c,Dispositions: Rich / Hearty,Taste Dispositions,cs_step,3,0.00161048,9.898441133e-4,0.043538334167540396,-0.0847026875,-0.071151975,0.07187542999999998,0.08499002500000005,0.51825,0.48175
dispositions,Food Taste Disp,relaxed,Relaxed CS,ri,Random Intercepts,hier_dispositions_relaxed_ri.rds,bcs_taste_rich_c[4],taste_rich_c,Dispositions: Rich / Hearty,Taste Dispositions,cs_step,4,-0.10994799999999999,-0.11038540680675,0.04450032427690942,-0.19668244999999998,-0.18313069999999998,-0.03956649000000002,-0.026175547499999965,0.006,0.994
dispositions,Food Taste Disp,relaxed,Relaxed CS,ri,Random Intercepts,hier_dispositions_relaxed_ri.rds,bcs_taste_rich_c[5],taste_rich_c,Dispositions: Rich / Hearty,Taste Dispositions,cs_step,5,0.127517,0.12794334651075,0.05063575452689559,0.029720397500000002,0.04531453500000001,0.21084749999999988,0.22703665,0.99475,0.00525
dispositions,Food Taste Disp,relaxed,Relaxed CS,ri,Random Intercepts,hier_dispositions_relaxed_ri.rds,bcs_taste_rich_c[6],taste_rich_c,Dispositions: Rich / Hearty,Taste Dispositions,cs_step,6,0.162023,0.1621678631149,0.05534191135100399,0.053278910000000006,0.07054505500000001,0.25346935,0.2691225250000001,0.99725,0.00275
dispositions,Food Taste Disp,strict,Strict (Equal Slopes),rs,Crossed Random Slopes,hier_dispositions_strict_rs.rds,b_taste_authentic_c,taste_authentic_c,Dispositions: Exotic / Authentic,Taste Dispositions,scalar,global,-0.08451465,-0.0844792059565,0.033635953135167464,-0.14813785,-0.13908615,-0.028532690000000072,-0.017638854999999995,0.00575,0.99425
dispositions,Food Taste Disp,strict,Strict (Equal Slopes),rs,Crossed Random Slopes,hier_dispositions_strict_rs.rds,b_taste_familiar_c,taste_familiar_c,Dispositions: Familiar Comfort,Taste Dispositions,scalar,global,-0.00500436,-0.004772066715325,0.03079952094107886,-0.0630680325,-0.05457033,0.04566966,0.0566894125,0.439,0.561
dispositions,Food Taste Disp,strict,Strict (Equal Slopes),rs,Crossed Random Slopes,hier_dispositions_strict_rs.rds,b_taste_light_c,taste_light_c,Dispositions: Light / Fresh,Taste Dispositions,scalar,global,-0.04506255,-0.045717564227025,0.029565394111935695,-0.104591675,-0.09496899499999999,0.0014132249999999763,0.010695945000000009,0.05525,0.94475
dispositions,Food Taste Disp,strict,Strict (Equal Slopes),rs,Crossed Random Slopes,hier_dispositions_strict_rs.rds,b_taste_rich_c,taste_rich_c,Dispositions: Rich / Hearty,Taste Dispositions,scalar,global,-0.0450997,-0.0455025024982,0.030298493722663834,-0.10705844999999999,-0.09776486,0.0022358074999999714,0.010064262500000008,0.06575,0.93425
dispositions,Food Taste Disp,strict,Strict (Equal Slopes),rs,Crossed Random Slopes,hier_dispositions_strict_rs.rds,b_educ_c,educ_c,Educational Attainment,Cultural Capital,scalar,global,0.115396,0.11512134069025,0.03273831640236878,0.04977123,0.06059214,0.16988919999999996,0.17869215,1,0
dispositions,Food Taste Disp,strict,Strict (Equal Slopes),rs,Crossed Random Slopes,hier_dispositions_strict_rs.rds,b_peduc_c,peduc_c,Parental Education,Cultural Capital,scalar,global,-0.0224077,-0.02108090110852,0.03271773888191577,-0.08594221750000001,-0.074585945,0.034041499999999995,0.04573830750000001,0.25275,0.74725
dispositions,Food Taste Disp,strict,Strict (Equal Slopes),rs,Crossed Random Slopes,hier_dispositions_strict_rs.rds,b_arts_c,arts_c,Childhood Arts Socialization,Cultural Capital,scalar,global,-0.0252733,-0.02552519293355,0.030849857760578137,-0.0862727275,-0.07712209499999999,0.025574475,0.03516559250000002,0.2005,0.7995
dispositions,Food Taste Disp,strict,Strict (Equal Slopes),rs,Crossed Random Slopes,hier_dispositions_strict_rs.rds,b_social_c,social_c,Social Conservatism,Ideology,scalar,global,0.13449899999999998,0.1343148297425,0.0473232678953878,0.043280855,0.057941115,0.2117235,0.22534325,0.99875,0.00125
dispositions,Food Taste Disp,strict,Strict (Equal Slopes),rs,Crossed Random Slopes,hier_dispositions_strict_rs.rds,b_economic_c,economic_c,Economic Conservatism,Ideology,scalar,global,-0.01305725,-0.01499378010883,0.0473948262846478,-0.10964882499999999,-0.09252238999999998,0.0629235,0.07979319750000002,0.3855,0.6145
dispositions,Food Taste Disp,strict,Strict (Equal Slopes),rs,Crossed Random Slopes,hier_dispositions_strict_rs.rds,b_income_c,income_c,Household Income,Demographics,scalar,global,0.0301841,0.030400175935725,0.03005010354863804,-0.0278422175,-0.018216105000000003,0.08033237,0.08956921250000001,0.85675,0.14325
dispositions,Food Taste Disp,strict,Strict (Equal Slopes),rs,Crossed Random Slopes,hier_dispositions_strict_rs.rds,b_age_c,age_c,Age,Demographics,scalar,global,-0.06369795,-0.0628548559105,0.030213895176597044,-0.12131552500000001,-0.1122715,-0.014265095000000004,-0.004284987499999985,0.0195,0.9805
dispositions,Food Taste Disp,strict,Strict (Equal Slopes),rs,Crossed Random Slopes,hier_dispositions_strict_rs.rds,b_gend.fWoman,gend.fWoman,Gender: Woman,Demographics,scalar,global,-0.1624055,-0.1623868576055,0.05921079608701272,-0.2778994,-0.25891435,-0.06365749,-0.043197587499999995,0.0035,0.9965
dispositions,Food Taste Disp,strict,Strict (Equal Slopes),rs,Crossed Random Slopes,hier_dispositions_strict_rs.rds,b_gend.fNonbinaryDOther,gend.fNonbinaryDOther,Gender: Nonbinary / Other,Demographics,scalar,global,-0.284964,-0.28502566891975,0.25937268464839996,-0.7949287249999999,-0.7080685,0.1399889,0.24365602500000005,0.136,0.864
dispositions,Food Taste Disp,strict,Strict (Equal Slopes),rs,Crossed Random Slopes,hier_dispositions_strict_rs.rds,b_race.fAsian,race.fAsian,Ethnoracial: Asian,Ethnoracial Identification,scalar,global,-0.08454400000000001,-0.0863017747814,0.12354542619032667,-0.329529575,-0.28844305,0.12189839999999996,0.1618813750000001,0.2365,0.7635
dispositions,Food Taste Disp,strict,Strict (Equal Slopes),rs,Crossed Random Slopes,hier_dispositions_strict_rs.rds,b_race.fBlack,race.fBlack,Ethnoracial: Black,Ethnoracial Identification,scalar,global,0.032343250000000004,0.03313129243895,0.08864254843871497,-0.1470227,-0.11116685000000001,0.17550104999999996,0.20287005000000002,0.642,0.358
dispositions,Food Taste Disp,strict,Strict (Equal Slopes),rs,Crossed Random Slopes,hier_dispositions_strict_rs.rds,b_race.fHispanic,race.fHispanic,Ethnoracial: Hispanic / Latino,Ethnoracial Identification,scalar,global,0.007074479999999999,0.00633799383205,0.12057862406453011,-0.232082625,-0.19009569999999998,0.1992380499999998,0.23745042500000005,0.5235,0.4765
dispositions,Food Taste Disp,strict,Strict (Equal Slopes),rs,Crossed Random Slopes,hier_dispositions_strict_rs.rds,b_race.fMixedOther,race.fMixedOther,Ethnoracial: Mixed Other,Ethnoracial Identification,scalar,global,-0.1718335,-0.17407309747125,0.1714077047342013,-0.5148733499999999,-0.4586611,0.10802494999999972,0.15962445000000028,0.154,0.846
dispositions,Food Taste Disp,strict,Strict (Equal Slopes),rs,Crossed Random Slopes,hier_dispositions_strict_rs.rds,b_race.fMixedWhite,race.fMixedWhite,Ethnoracial: Mixed White,Ethnoracial Identification,scalar,global,-0.284146,-0.2813168721532,0.10086671606603083,-0.476155775,-0.44586044999999996,-0.1119222500000001,-0.08312151999999999,0.0025,0.9975
dispositions,Food Taste Disp,relaxed,Relaxed CS,rs,Crossed Random Slopes,hier_dispositions_relaxed_rs.rds,b_income_c,income_c,Household Income,Demographics,scalar,global,0.02969235,0.02934959209485,0.03172663160341451,-0.034994832499999996,-0.023926939999999997,0.08037442999999997,0.09043152000000002,0.82675,0.17325
dispositions,Food Taste Disp,relaxed,Relaxed CS,rs,Crossed Random Slopes,hier_dispositions_relaxed_rs.rds,b_age_c,age_c,Age,Demographics,scalar,global,-0.06772105,-0.0678506818248,0.031247028641215164,-0.12838047499999997,-0.1188509,-0.01776566000000001,-0.007059393999999985,0.01625,0.98375
dispositions,Food Taste Disp,relaxed,Relaxed CS,rs,Crossed Random Slopes,hier_dispositions_relaxed_rs.rds,b_gend.fWoman,gend.fWoman,Gender: Woman,Demographics,scalar,global,-0.18444,-0.184515501145,0.05957131031428412,-0.2999545,-0.28228034999999996,-0.08982620000000006,-0.06909812249999997,0.00175,0.99825
dispositions,Food Taste Disp,relaxed,Relaxed CS,rs,Crossed Random Slopes,hier_dispositions_relaxed_rs.rds,b_gend.fNonbinaryDOther,gend.fNonbinaryDOther,Gender: Nonbinary / Other,Demographics,scalar,global,-0.3917675,-0.3926704136262,0.2709688823557164,-0.91903055,-0.8346917,0.047881464999999915,0.13485695000000003,0.0755,0.9245
dispositions,Food Taste Disp,relaxed,Relaxed CS,rs,Crossed Random Slopes,hier_dispositions_relaxed_rs.rds,b_race.fAsian,race.fAsian,Ethnoracial: Asian,Ethnoracial Identification,scalar,global,-0.08279375,-0.082346551047475,0.12570507714030482,-0.329077075,-0.2902751,0.12517319999999998,0.16148197500000003,0.25625,0.74375
dispositions,Food Taste Disp,relaxed,Relaxed CS,rs,Crossed Random Slopes,hier_dispositions_relaxed_rs.rds,b_race.fBlack,race.fBlack,Ethnoracial: Black,Ethnoracial Identification,scalar,global,0.0663432,0.069185921456775,0.08974441627727206,-0.10236687499999998,-0.07428155,0.22126744999999998,0.24807530000000003,0.7715,0.2285
dispositions,Food Taste Disp,relaxed,Relaxed CS,rs,Crossed Random Slopes,hier_dispositions_relaxed_rs.rds,b_race.fHispanic,race.fHispanic,Ethnoracial: Hispanic / Latino,Ethnoracial Identification,scalar,global,0.027987249999999998,0.02762795538831,0.1251222324622764,-0.22110685,-0.17677774999999998,0.23399449999999994,0.2667377000000002,0.59075,0.40925
dispositions,Food Taste Disp,relaxed,Relaxed CS,rs,Crossed Random Slopes,hier_dispositions_relaxed_rs.rds,b_race.fMixedOther,race.fMixedOther,Ethnoracial: Mixed Other,Ethnoracial Identification,scalar,global,-0.2108645,-0.21062444915625,0.17469296956075492,-0.5468654749999999,-0.49903075,0.07423476999999994,0.13217132500000023,0.1175,0.8825
dispositions,Food Taste Disp,relaxed,Relaxed CS,rs,Crossed Random Slopes,hier_dispositions_relaxed_rs.rds,b_race.fMixedWhite,race.fMixedWhite,Ethnoracial: Mixed White,Ethnoracial Identification,scalar,global,-0.29062750000000004,-0.2884494175925,0.10713986404810268,-0.498607075,-0.46110475000000006,-0.10862190000000002,-0.07405212499999997,0.0045,0.9955
dispositions,Food Taste Disp,relaxed,Relaxed CS,rs,Crossed Random Slopes,hier_dispositions_relaxed_rs.rds,bcs_educ_c_avg,educ_c,Educational Attainment,Cultural Capital,cs_average,mean_1_6,0.12320181666666667,0.12304890233553334,0.035871792164767734,0.052082268212500005,0.063254658,0.1816139766666665,0.19413742916666668,0.999,0.001
dispositions,Food Taste Disp,relaxed,Relaxed CS,rs,Crossed Random Slopes,hier_dispositions_relaxed_rs.rds,bcs_educ_c[1],educ_c,Educational Attainment,Cultural Capital,cs_step,1,0.07471445,0.07465760216125,0.04513966261013261,-0.015434729999999999,9.48921450000001e-4,0.14833159999999998,0.1619673,0.95225,0.04775
dispositions,Food Taste Disp,relaxed,Relaxed CS,rs,Crossed Random Slopes,hier_dispositions_relaxed_rs.rds,bcs_educ_c[2],educ_c,Educational Attainment,Cultural Capital,cs_step,2,0.0714882,0.071287292208175,0.0478686118259037,-0.020405612499999996,-0.006412603999999999,0.15065715000000002,0.1667626,0.93375,0.06625
dispositions,Food Taste Disp,relaxed,Relaxed CS,rs,Crossed Random Slopes,hier_dispositions_relaxed_rs.rds,bcs_educ_c[3],educ_c,Educational Attainment,Cultural Capital,cs_step,3,0.07897045,0.078882616488025,0.047585434480900954,-0.0141628425,0.0020448260000000005,0.15801569999999998,0.170525975,0.9545,0.0455
dispositions,Food Taste Disp,relaxed,Relaxed CS,rs,Crossed Random Slopes,hier_dispositions_relaxed_rs.rds,bcs_educ_c[4],educ_c,Educational Attainment,Cultural Capital,cs_step,4,0.231441,0.231265977775,0.04893601583744216,0.133420275,0.15097555000000001,0.31369674999999997,0.32753025,1,0
dispositions,Food Taste Disp,relaxed,Relaxed CS,rs,Crossed Random Slopes,hier_dispositions_relaxed_rs.rds,bcs_educ_c[5],educ_c,Educational Attainment,Cultural Capital,cs_step,5,0.1779575,0.1783982463,0.05450568170334169,0.07173796,0.0888817,0.26825525,0.284229625,0.9995,5e-4
dispositions,Food Taste Disp,relaxed,Relaxed CS,rs,Crossed Random Slopes,hier_dispositions_relaxed_rs.rds,bcs_educ_c[6],educ_c,Educational Attainment,Cultural Capital,cs_step,6,0.104378,0.10380167908075,0.059305087939109075,-0.015706032499999998,0.006044816000000008,0.19873044999999998,0.2190871,0.957,0.043
dispositions,Food Taste Disp,relaxed,Relaxed CS,rs,Crossed Random Slopes,hier_dispositions_relaxed_rs.rds,bcs_peduc_c_avg,peduc_c,Parental Education,Cultural Capital,cs_average,mean_1_6,-0.03615181666666667,-0.0363271969085,0.03509417688217484,-0.10650008250000001,-0.09559247083333333,0.020983008833333282,0.033231768500000085,0.14275,0.85725
dispositions,Food Taste Disp,relaxed,Relaxed CS,rs,Crossed Random Slopes,hier_dispositions_relaxed_rs.rds,bcs_peduc_c[1],peduc_c,Parental Education,Cultural Capital,cs_step,1,0.008369834999999999,0.0081288305902475,0.0445915415239331,-0.0757915125,-0.06370854,0.08090238499999994,0.0970575075,0.56725,0.43275
dispositions,Food Taste Disp,relaxed,Relaxed CS,rs,Crossed Random Slopes,hier_dispositions_relaxed_rs.rds,bcs_peduc_c[2],peduc_c,Parental Education,Cultural Capital,cs_step,2,-0.00631055,-0.006279174712035,0.04790520664358043,-0.10187142499999999,-0.08696424999999999,0.07299498999999998,0.08872264000000006,0.44625,0.55375
dispositions,Food Taste Disp,relaxed,Relaxed CS,rs,Crossed Random Slopes,hier_dispositions_relaxed_rs.rds,bcs_peduc_c[3],peduc_c,Parental Education,Cultural Capital,cs_step,3,-0.06968750000000001,-0.06969258013065,0.04661833597680774,-0.1616769,-0.1470471,0.008431519499999995,0.020128267500000036,0.06975,0.93025
dispositions,Food Taste Disp,relaxed,Relaxed CS,rs,Crossed Random Slopes,hier_dispositions_relaxed_rs.rds,bcs_peduc_c[4],peduc_c,Parental Education,Cultural Capital,cs_step,4,0.11258699999999999,0.1130006193195,0.04909094703774857,0.015366245,0.030903774999999998,0.19432034999999998,0.20947205,0.9885,0.0115
dispositions,Food Taste Disp,relaxed,Relaxed CS,rs,Crossed Random Slopes,hier_dispositions_relaxed_rs.rds,bcs_peduc_c[5],peduc_c,Parental Education,Cultural Capital,cs_step,5,-0.14189400000000002,-0.14203909714475,0.054457834847415024,-0.25069959999999997,-0.23138135,-0.05255737000000007,-0.03768544749999996,0.0045,0.9955
dispositions,Food Taste Disp,relaxed,Relaxed CS,rs,Crossed Random Slopes,hier_dispositions_relaxed_rs.rds,bcs_peduc_c[6],peduc_c,Parental Education,Cultural Capital,cs_step,6,-0.1199255,-0.1210817793733125,0.05914475884464193,-0.242139225,-0.22043085,-0.026205335000000038,-0.005008968999999966,0.0205,0.9795
dispositions,Food Taste Disp,relaxed,Relaxed CS,rs,Crossed Random Slopes,hier_dispositions_relaxed_rs.rds,bcs_arts_c_avg,arts_c,Childhood Arts Socialization,Cultural Capital,cs_average,mean_1_6,-0.023617181666666667,-0.022649719849882333,0.03482882961534007,-0.08710950666666668,-0.07659710033333333,0.0378033981083333,0.0490581645416667,0.24475,0.75525
dispositions,Food Taste Disp,relaxed,Relaxed CS,rs,Crossed Random Slopes,hier_dispositions_relaxed_rs.rds,bcs_arts_c[1],arts_c,Childhood Arts Socialization,Cultural Capital,cs_step,1,-0.08685755,-0.08591510146255,0.04362111335230264,-0.171867575,-0.15726944999999998,-0.013802675,0.0018683967500000166,0.0285,0.9715
dispositions,Food Taste Disp,relaxed,Relaxed CS,rs,Crossed Random Slopes,hier_dispositions_relaxed_rs.rds,bcs_arts_c[2],arts_c,Childhood Arts Socialization,Cultural Capital,cs_step,2,-4.063975e-4,-6.745828597499999e-5,0.047346398319175954,-0.0906792125,-0.07697307,0.07727781999999998,0.09454336500000002,0.49775,0.50225
dispositions,Food Taste Disp,relaxed,Relaxed CS,rs,Crossed Random Slopes,hier_dispositions_relaxed_rs.rds,bcs_arts_c[3],arts_c,Childhood Arts Socialization,Cultural Capital,cs_step,3,-0.026568349999999998,-0.02626283346505,0.04609935561397903,-0.116229975,-0.10057329999999999,0.05030258499999993,0.06506126500000001,0.28075,0.71925
dispositions,Food Taste Disp,relaxed,Relaxed CS,rs,Crossed Random Slopes,hier_dispositions_relaxed_rs.rds,bcs_arts_c[4],arts_c,Childhood Arts Socialization,Cultural Capital,cs_step,4,-0.060829350000000004,-0.060019113062525,0.04856848979033683,-0.15397139999999998,-0.13937894999999997,0.01982040999999991,0.03642550250000002,0.109,0.891
dispositions,Food Taste Disp,relaxed,Relaxed CS,rs,Crossed Random Slopes,hier_dispositions_relaxed_rs.rds,bcs_arts_c[5],arts_c,Childhood Arts Socialization,Cultural Capital,cs_step,5,0.0283579,0.0295154916266195,0.0547373259586451,-0.0764757425,-0.05973441,0.11990709999999996,0.13550547500000004,0.704,0.296
dispositions,Food Taste Disp,relaxed,Relaxed CS,rs,Crossed Random Slopes,hier_dispositions_relaxed_rs.rds,bcs_arts_c[6],arts_c,Childhood Arts Socialization,Cultural Capital,cs_step,6,0.005956515,0.0068506955501865,0.05867774007624648,-0.105940425,-0.088709485,0.10430804999999992,0.12165305,0.54225,0.45775
dispositions,Food Taste Disp,relaxed,Relaxed CS,rs,Crossed Random Slopes,hier_dispositions_relaxed_rs.rds,bcs_social_c_avg,social_c,Social Conservatism,Ideology,cs_average,mean_1_6,0.1652998,0.16428498156002874,0.054157173459383645,0.06111768408333334,0.07653494416666667,0.25285735916666663,0.2675297708333334,0.99875,0.00125
dispositions,Food Taste Disp,relaxed,Relaxed CS,rs,Crossed Random Slopes,hier_dispositions_relaxed_rs.rds,bcs_social_c[1],social_c,Social Conservatism,Ideology,cs_step,1,-0.15004050000000002,-0.15026162985675,0.07092349975799349,-0.291990725,-0.2693643,-0.03145698500000001,-0.01296388249999997,0.01625,0.98375
dispositions,Food Taste Disp,relaxed,Relaxed CS,rs,Crossed Random Slopes,hier_dispositions_relaxed_rs.rds,bcs_social_c[2],social_c,Social Conservatism,Ideology,cs_step,2,0.016950649999999998,0.0179935490237225,0.07168295510333836,-0.11974792499999999,-0.09728271499999999,0.135645,0.15981065,0.5985,0.4015
dispositions,Food Taste Disp,relaxed,Relaxed CS,rs,Crossed Random Slopes,hier_dispositions_relaxed_rs.rds,bcs_social_c[3],social_c,Social Conservatism,Ideology,cs_step,3,0.100594,0.1002985174142,0.07249304814301606,-0.04304801999999999,-0.019414679999999997,0.21901824999999997,0.2407484250000001,0.916,0.084
dispositions,Food Taste Disp,relaxed,Relaxed CS,rs,Crossed Random Slopes,hier_dispositions_relaxed_rs.rds,bcs_social_c[4],social_c,Social Conservatism,Ideology,cs_step,4,0.155192,0.155981587179,0.07309212444105406,0.019230397500000003,0.039137,0.27889375,0.300940875,0.98425,0.01575
dispositions,Food Taste Disp,relaxed,Relaxed CS,rs,Crossed Random Slopes,hier_dispositions_relaxed_rs.rds,bcs_social_c[5],social_c,Social Conservatism,Ideology,cs_step,5,0.3354565,0.3359426081,0.08196216452776231,0.17750737500000002,0.20153015,0.47082969999999996,0.4977207,1,0
dispositions,Food Taste Disp,relaxed,Relaxed CS,rs,Crossed Random Slopes,hier_dispositions_relaxed_rs.rds,bcs_social_c[6],social_c,Social Conservatism,Ideology,cs_step,6,0.524875,0.5257552575,0.08696805887917412,0.35837932499999997,0.38561435,0.6720739499999999,0.700096475,1,0
dispositions,Food Taste Disp,relaxed,Relaxed CS,rs,Crossed Random Slopes,hier_dispositions_relaxed_rs.rds,bcs_economic_c_avg,economic_c,Economic Conservatism,Ideology,cs_average,mean_1_6,-0.030852801666666665,-0.03136030522465417,0.0526773845627407,-0.13451389333333333,-0.11887732041666667,0.05572458666666666,0.07521118041666669,0.27,0.73
dispositions,Food Taste Disp,relaxed,Relaxed CS,rs,Crossed Random Slopes,hier_dispositions_relaxed_rs.rds,bcs_economic_c[1],economic_c,Economic Conservatism,Ideology,cs_step,1,0.1290155,0.1288717864559,0.0694586800916286,-0.008941499249999998,0.015067745,0.2446893,0.26833482500000005,0.96875,0.03125
dispositions,Food Taste Disp,relaxed,Relaxed CS,rs,Crossed Random Slopes,hier_dispositions_relaxed_rs.rds,bcs_economic_c[2],economic_c,Economic Conservatism,Ideology,cs_step,2,0.02559685,0.0260918315215,0.06979652080162756,-0.1119905,-0.08984887999999999,0.1392784499999999,0.16309255000000003,0.654,0.346
dispositions,Food Taste Disp,relaxed,Relaxed CS,rs,Crossed Random Slopes,hier_dispositions_relaxed_rs.rds,bcs_economic_c[3],economic_c,Economic Conservatism,Ideology,cs_step,3,0.011720999999999999,0.011670310375025,0.07066893115925008,-0.12429145,-0.10293150000000001,0.12864304999999995,0.15243577500000005,0.56775,0.43225
dispositions,Food Taste Disp,relaxed,Relaxed CS,rs,Crossed Random Slopes,hier_dispositions_relaxed_rs.rds,bcs_economic_c[4],economic_c,Economic Conservatism,Ideology,cs_step,4,0.0659815,0.0659085359023,0.07390174956315189,-0.07922755749999999,-0.057533295,0.18692119999999998,0.21042190000000008,0.813,0.187
dispositions,Food Taste Disp,relaxed,Relaxed CS,rs,Crossed Random Slopes,hier_dispositions_relaxed_rs.rds,bcs_economic_c[5],economic_c,Economic Conservatism,Ideology,cs_step,5,-0.127166,-0.12793889241765,0.08135853068262414,-0.29145565,-0.26108675000000003,0.0052708359999999125,0.031745080000000016,0.057,0.943
dispositions,Food Taste Disp,relaxed,Relaxed CS,rs,Crossed Random Slopes,hier_dispositions_relaxed_rs.rds,bcs_economic_c[6],economic_c,Economic Conservatism,Ideology,cs_step,6,-0.29041649999999997,-0.292765403185,0.08735191416458636,-0.464286325,-0.43721000000000004,-0.14951655000000005,-0.12057197499999993,0.001,0.999
dispositions,Food Taste Disp,relaxed,Relaxed CS,rs,Crossed Random Slopes,hier_dispositions_relaxed_rs.rds,bcs_taste_authentic_c_avg,taste_authentic_c,Dispositions: Exotic / Authentic,Taste Dispositions,cs_average,mean_1_6,-0.089573585,-0.09065505101358541,0.032684698886703,-0.15510781833333334,-0.14539601825,-0.038499042500000004,-0.028744707749999994,0.003,0.997
dispositions,Food Taste Disp,relaxed,Relaxed CS,rs,Crossed Random Slopes,hier_dispositions_relaxed_rs.rds,bcs_taste_authentic_c[1],taste_authentic_c,Dispositions: Exotic / Authentic,Taste Dispositions,cs_step,1,-0.1238875,-0.124100138992,0.043625098434733924,-0.21231589999999997,-0.1979277,-0.05279026500000004,-0.040006499999999993,0.002,0.998
dispositions,Food Taste Disp,relaxed,Relaxed CS,rs,Crossed Random Slopes,hier_dispositions_relaxed_rs.rds,bcs_taste_authentic_c[2],taste_authentic_c,Dispositions: Exotic / Authentic,Taste Dispositions,cs_step,2,-0.0695502,-0.0701980634080125,0.04574277270162563,-0.16174965,-0.1469136,0.002960300999999986,0.018710967500000068,0.058,0.942
dispositions,Food Taste Disp,relaxed,Relaxed CS,rs,Crossed Random Slopes,hier_dispositions_relaxed_rs.rds,bcs_taste_authentic_c[3],taste_authentic_c,Dispositions: Exotic / Authentic,Taste Dispositions,cs_step,3,-0.198856,-0.19883065145,0.04435998782316605,-0.286675075,-0.27253380000000005,-0.12691985000000003,-0.11087009999999999,0,1
dispositions,Food Taste Disp,relaxed,Relaxed CS,rs,Crossed Random Slopes,hier_dispositions_relaxed_rs.rds,bcs_taste_authentic_c[4],taste_authentic_c,Dispositions: Exotic / Authentic,Taste Dispositions,cs_step,4,0.0237601,0.02407256732195,0.04482298067545511,-0.06292652,-0.049571115,0.09583576999999993,0.11166317500000005,0.702,0.298
dispositions,Food Taste Disp,relaxed,Relaxed CS,rs,Crossed Random Slopes,hier_dispositions_relaxed_rs.rds,bcs_taste_authentic_c[5],taste_authentic_c,Dispositions: Exotic / Authentic,Taste Dispositions,cs_step,5,-0.0672966,-0.066385230267975,0.05036936693742651,-0.16365845,-0.1504177,0.015988374999999964,0.03277331500000001,0.0935,0.9065
dispositions,Food Taste Disp,relaxed,Relaxed CS,rs,Crossed Random Slopes,hier_dispositions_relaxed_rs.rds,bcs_taste_authentic_c[6],taste_authentic_c,Dispositions: Exotic / Authentic,Taste Dispositions,cs_step,6,-0.1081355,-0.108488789285475,0.053005376898805995,-0.21363379999999998,-0.19642835,-0.020439550000000004,-0.005814421249999945,0.0195,0.9805
dispositions,Food Taste Disp,relaxed,Relaxed CS,rs,Crossed Random Slopes,hier_dispositions_relaxed_rs.rds,bcs_taste_familiar_c_avg,taste_familiar_c,Dispositions: Familiar Comfort,Taste Dispositions,cs_average,mean_1_6,0.044595475,0.044527611928795834,0.030677082853098954,-0.01583339125,-0.005987054166666669,0.09456686389999999,0.10480974625,0.925,0.075
dispositions,Food Taste Disp,relaxed,Relaxed CS,rs,Crossed Random Slopes,hier_dispositions_relaxed_rs.rds,bcs_taste_familiar_c[1],taste_familiar_c,Dispositions: Familiar Comfort,Taste Dispositions,cs_step,1,-0.1859735,-0.186534185025,0.04062775934622985,-0.268137675,-0.2558895,-0.11918390000000005,-0.10649290000000002,0,1
dispositions,Food Taste Disp,relaxed,Relaxed CS,rs,Crossed Random Slopes,hier_dispositions_relaxed_rs.rds,bcs_taste_familiar_c[2],taste_familiar_c,Dispositions: Familiar Comfort,Taste Dispositions,cs_step,2,-0.09228945,-0.0922596537035,0.0438225730053063,-0.17705065,-0.16542270000000003,-0.02050857000000003,-0.006074765499999977,0.01875,0.98125
dispositions,Food Taste Disp,relaxed,Relaxed CS,rs,Crossed Random Slopes,hier_dispositions_relaxed_rs.rds,bcs_taste_familiar_c[3],taste_familiar_c,Dispositions: Familiar Comfort,Taste Dispositions,cs_step,3,0.05656205,0.05703077361505,0.04239459532013647,-0.0275208375,-0.011495095,0.12834464999999998,0.140065425,0.9165,0.0835
dispositions,Food Taste Disp,relaxed,Relaxed CS,rs,Crossed Random Slopes,hier_dispositions_relaxed_rs.rds,bcs_taste_familiar_c[4],taste_familiar_c,Dispositions: Familiar Comfort,Taste Dispositions,cs_step,4,-0.0407529,-0.041240473096275,0.044291978417225965,-0.127958925,-0.11299945,0.03180358999999999,0.04416774500000005,0.176,0.824
dispositions,Food Taste Disp,relaxed,Relaxed CS,rs,Crossed Random Slopes,hier_dispositions_relaxed_rs.rds,bcs_taste_familiar_c[5],taste_familiar_c,Dispositions: Familiar Comfort,Taste Dispositions,cs_step,5,0.14040950000000002,0.1408674807825,0.04916495429840462,0.04441876500000001,0.061056225,0.22321964999999994,0.237798375,0.99875,0.00125
dispositions,Food Taste Disp,relaxed,Relaxed CS,rs,Crossed Random Slopes,hier_dispositions_relaxed_rs.rds,bcs_taste_familiar_c[6],taste_familiar_c,Dispositions: Familiar Comfort,Taste Dispositions,cs_step,6,0.388789,0.389301729,0.055336210223162416,0.28430874999999994,0.30093644999999997,0.47949269999999994,0.4972220250000001,1,0
dispositions,Food Taste Disp,relaxed,Relaxed CS,rs,Crossed Random Slopes,hier_dispositions_relaxed_rs.rds,bcs_taste_light_c_avg,taste_light_c,Dispositions: Light / Fresh,Taste Dispositions,cs_average,mean_1_6,-0.021024808333333332,-0.021102405105370835,0.0315132324497232,-0.08327461541666667,-0.07339051499999999,0.031338519499999926,0.04019554791666668,0.25275,0.74725
dispositions,Food Taste Disp,relaxed,Relaxed CS,rs,Crossed Random Slopes,hier_dispositions_relaxed_rs.rds,bcs_taste_light_c[1],taste_light_c,Dispositions: Light / Fresh,Taste Dispositions,cs_step,1,-0.192197,-0.19245089865,0.041730759599847726,-0.2747326,-0.26115145,-0.12506605,-0.10984539999999998,0,1
dispositions,Food Taste Disp,relaxed,Relaxed CS,rs,Crossed Random Slopes,hier_dispositions_relaxed_rs.rds,bcs_taste_light_c[2],taste_light_c,Dispositions: Light / Fresh,Taste Dispositions,cs_step,2,-0.0651061,-0.0647939482914,0.04441996824253172,-0.15111402499999999,-0.13684255,0.009033379999999992,0.022255792500000014,0.07575,0.92425
dispositions,Food Taste Disp,relaxed,Relaxed CS,rs,Crossed Random Slopes,hier_dispositions_relaxed_rs.rds,bcs_taste_light_c[3],taste_light_c,Dispositions: Light / Fresh,Taste Dispositions,cs_step,3,-0.0757797,-0.075586196022675,0.04145156250511138,-0.155619025,-0.14322515,-0.006747038500000013,0.005694694500000034,0.03475,0.96525
dispositions,Food Taste Disp,relaxed,Relaxed CS,rs,Crossed Random Slopes,hier_dispositions_relaxed_rs.rds,bcs_taste_light_c[4],taste_light_c,Dispositions: Light / Fresh,Taste Dispositions,cs_step,4,-0.049545149999999996,-0.04970813684795,0.043665809356658064,-0.13732965,-0.1211942,0.022035969999999964,0.035605097499999995,0.12875,0.87125
dispositions,Food Taste Disp,relaxed,Relaxed CS,rs,Crossed Random Slopes,hier_dispositions_relaxed_rs.rds,bcs_taste_light_c[5],taste_light_c,Dispositions: Light / Fresh,Taste Dispositions,cs_step,5,0.130032,0.13036769476555,0.04767047099520135,0.036572145,0.051121574999999995,0.2099933,0.227473425,0.998,0.002
dispositions,Food Taste Disp,relaxed,Relaxed CS,rs,Crossed Random Slopes,hier_dispositions_relaxed_rs.rds,bcs_taste_light_c[6],taste_light_c,Dispositions: Light / Fresh,Taste Dispositions,cs_step,6,0.125274,0.12555705441425,0.0547789943209903,0.018425665,0.03722741,0.218187,0.23455417500000006,0.99025,0.00975
dispositions,Food Taste Disp,relaxed,Relaxed CS,rs,Crossed Random Slopes,hier_dispositions_relaxed_rs.rds,bcs_taste_rich_c_avg,taste_rich_c,Dispositions: Rich / Hearty,Taste Dispositions,cs_average,mean_1_6,-0.027676283333333336,-0.026807411873882084,0.033427853526705686,-0.08941723041666667,-0.08047111166666666,0.029384147249999982,0.04214304583333334,0.1945,0.8055
dispositions,Food Taste Disp,relaxed,Relaxed CS,rs,Crossed Random Slopes,hier_dispositions_relaxed_rs.rds,bcs_taste_rich_c[1],taste_rich_c,Dispositions: Rich / Hearty,Taste Dispositions,cs_step,1,-0.21365299999999998,-0.2132527076,0.0445248859903755,-0.29686147500000004,-0.2850184,-0.1410133500000001,-0.12568797499999998,0,1
dispositions,Food Taste Disp,relaxed,Relaxed CS,rs,Crossed Random Slopes,hier_dispositions_relaxed_rs.rds,bcs_taste_rich_c[2],taste_rich_c,Dispositions: Rich / Hearty,Taste Dispositions,cs_step,2,-0.1164325,-0.116763495887725,0.04716573278261522,-0.20688375,-0.19348695,-0.038675265000000014,-0.02322446749999999,0.0065,0.9935
dispositions,Food Taste Disp,relaxed,Relaxed CS,rs,Crossed Random Slopes,hier_dispositions_relaxed_rs.rds,bcs_taste_rich_c[3],taste_rich_c,Dispositions: Rich / Hearty,Taste Dispositions,cs_step,3,-0.003697375,-0.0033585033322675,0.0447706276019554,-0.09001608750000001,-0.076009885,0.07028701999999992,0.08543015250000004,0.4685,0.5315
dispositions,Food Taste Disp,relaxed,Relaxed CS,rs,Crossed Random Slopes,hier_dispositions_relaxed_rs.rds,bcs_taste_rich_c[4],taste_rich_c,Dispositions: Rich / Hearty,Taste Dispositions,cs_step,4,-0.1132465,-0.1132653025813,0.04569363945155893,-0.20234169999999999,-0.1875828,-0.037755635000000044,-0.02189871999999998,0.0085,0.9915
dispositions,Food Taste Disp,relaxed,Relaxed CS,rs,Crossed Random Slopes,hier_dispositions_relaxed_rs.rds,bcs_taste_rich_c[5],taste_rich_c,Dispositions: Rich / Hearty,Taste Dispositions,cs_step,5,0.1256595,0.126168349648,0.051449690548111514,0.024652237499999997,0.042549955,0.21103109999999997,0.2283003,0.993,0.007
dispositions,Food Taste Disp,relaxed,Relaxed CS,rs,Crossed Random Slopes,hier_dispositions_relaxed_rs.rds,bcs_taste_rich_c[6],taste_rich_c,Dispositions: Rich / Hearty,Taste Dispositions,cs_step,6,0.15922150000000002,0.15962718851,0.05763323642840932,0.051163205,0.06731318000000001,0.25714499999999996,0.273570325,0.9985,0.0015
cosmopolitan,Cosmo & Networks,strict,Strict (Equal Slopes),ri,Random Intercepts,hier_cosmopolitan_strict_ri.rds,b_educ_c,educ_c,Educational Attainment,Cultural Capital,scalar,global,0.1073485,0.1078793846525,0.033742160182431494,0.0420345075,0.05290908,0.16429974999999997,0.173343,1,0
cosmopolitan,Cosmo & Networks,strict,Strict (Equal Slopes),ri,Random Intercepts,hier_cosmopolitan_strict_ri.rds,b_peduc_c,peduc_c,Parental Education,Cultural Capital,scalar,global,-0.02668175,-0.02740061816735,0.03348491593217164,-0.09446434749999999,-0.08386075000000001,0.026750239999999988,0.03684128750000001,0.2045,0.7955
cosmopolitan,Cosmo & Networks,strict,Strict (Equal Slopes),ri,Random Intercepts,hier_cosmopolitan_strict_ri.rds,b_arts_c,arts_c,Childhood Arts Socialization,Cultural Capital,scalar,global,-0.0540927,-0.0553799218778175,0.03199410166808823,-0.12032960000000001,-0.1092217,-0.0027907980000000006,0.005505799000000014,0.042,0.958
cosmopolitan,Cosmo & Networks,strict,Strict (Equal Slopes),ri,Random Intercepts,hier_cosmopolitan_strict_ri.rds,b_social_c,social_c,Social Conservatism,Ideology,scalar,global,0.1397175,0.139498516375,0.04681555968907084,0.04765733750000001,0.06393146999999999,0.21731429999999993,0.23282862499999998,0.99875,0.00125
cosmopolitan,Cosmo & Networks,strict,Strict (Equal Slopes),ri,Random Intercepts,hier_cosmopolitan_strict_ri.rds,b_economic_c,economic_c,Economic Conservatism,Ideology,scalar,global,-0.00556956,-0.0044512369771725,0.04641261227480967,-0.09810258,-0.07970287499999999,0.07272420499999999,0.08497796,0.4535,0.5465
cosmopolitan,Cosmo & Networks,strict,Strict (Equal Slopes),ri,Random Intercepts,hier_cosmopolitan_strict_ri.rds,b_cosmo_global_c,cosmo_global_c,Global Citizen Identity,Cosmopolitan Capital,scalar,global,0.037220699999999995,0.036757963731175,0.0299998785026384,-0.0230432075,-0.012998439999999998,0.08697996499999999,0.09575154000000001,0.8905,0.1095
cosmopolitan,Cosmo & Networks,strict,Strict (Equal Slopes),ri,Random Intercepts,hier_cosmopolitan_strict_ri.rds,b_network_diversity_c,network_diversity_c,Friendship Network Diversity,Cosmopolitan Capital,scalar,global,0.05870835,0.059923809979275,0.030458999463217992,0.0032179477500000006,0.012673664999999999,0.11023314999999999,0.12075400000000001,0.9815,0.0185
cosmopolitan,Cosmo & Networks,strict,Strict (Equal Slopes),ri,Random Intercepts,hier_cosmopolitan_strict_ri.rds,b_income_c,income_c,Household Income,Demographics,scalar,global,0.023503,0.02292539543287,0.029514008961282187,-0.036178079999999994,-0.026920804999999996,0.07070446999999996,0.07988595500000002,0.785,0.215
cosmopolitan,Cosmo & Networks,strict,Strict (Equal Slopes),ri,Random Intercepts,hier_cosmopolitan_strict_ri.rds,b_age_c,age_c,Age,Demographics,scalar,global,-0.058392,-0.058494885728775,0.029166109256393534,-0.11675262500000001,-0.10498779999999999,-0.008955337500000023,0.0025876927500000113,0.02925,0.97075
cosmopolitan,Cosmo & Networks,strict,Strict (Equal Slopes),ri,Random Intercepts,hier_cosmopolitan_strict_ri.rds,b_gend.fWoman,gend.fWoman,Gender: Woman,Demographics,scalar,global,-0.170614,-0.17048104656,0.05755991891114203,-0.288348325,-0.26786405,-0.07701463000000004,-0.058344389999999996,0.00125,0.99875
cosmopolitan,Cosmo & Networks,strict,Strict (Equal Slopes),ri,Random Intercepts,hier_cosmopolitan_strict_ri.rds,b_gend.fNonbinaryDOther,gend.fNonbinaryDOther,Gender: Nonbinary / Other,Demographics,scalar,global,-0.2792795,-0.278517673686675,0.2572513308950184,-0.782176275,-0.6961547499999999,0.1351054499999999,0.19422715000000013,0.143,0.857
cosmopolitan,Cosmo & Networks,strict,Strict (Equal Slopes),ri,Random Intercepts,hier_cosmopolitan_strict_ri.rds,b_race.fAsian,race.fAsian,Ethnoracial: Asian,Ethnoracial Identification,scalar,global,-0.125353,-0.1281785874164,0.12582001843233726,-0.3809854,-0.3369355,0.07810996499999988,0.12082205000000004,0.147,0.853
cosmopolitan,Cosmo & Networks,strict,Strict (Equal Slopes),ri,Random Intercepts,hier_cosmopolitan_strict_ri.rds,b_race.fBlack,race.fBlack,Ethnoracial: Black,Ethnoracial Identification,scalar,global,0.0024841000000000004,0.0025529839111,0.08518021648605824,-0.169001475,-0.13523044999999997,0.1418485999999999,0.165838325,0.51075,0.48925
cosmopolitan,Cosmo & Networks,strict,Strict (Equal Slopes),ri,Random Intercepts,hier_cosmopolitan_strict_ri.rds,b_race.fHispanic,race.fHispanic,Ethnoracial: Hispanic / Latino,Ethnoracial Identification,scalar,global,-0.021483799999999997,-0.019506665057725,0.12440757154129954,-0.25525985,-0.22114119999999998,0.18305834999999995,0.23702962500000008,0.4405,0.5595
cosmopolitan,Cosmo & Networks,strict,Strict (Equal Slopes),ri,Random Intercepts,hier_cosmopolitan_strict_ri.rds,b_race.fMixedOther,race.fMixedOther,Ethnoracial: Mixed Other,Ethnoracial Identification,scalar,global,-0.2052195,-0.205901523648625,0.17374194544138122,-0.550172325,-0.49530830000000003,0.082206975,0.13316052500000009,0.114,0.886
cosmopolitan,Cosmo & Networks,strict,Strict (Equal Slopes),ri,Random Intercepts,hier_cosmopolitan_strict_ri.rds,b_race.fMixedWhite,race.fMixedWhite,Ethnoracial: Mixed White,Ethnoracial Identification,scalar,global,-0.258322,-0.260216458552025,0.10393350335402145,-0.46610704999999997,-0.43702165,-0.08914807,-0.055725872499999975,0.0075,0.9925
cosmopolitan,Cosmo & Networks,relaxed,Relaxed CS,ri,Random Intercepts,hier_cosmopolitan_relaxed_ri.rds,b_income_c,income_c,Household Income,Demographics,scalar,global,0.02466705,0.025423054282725,0.030355656209451243,-0.033360417499999996,-0.022881489999999997,0.07446603999999998,0.08622631250000001,0.80075,0.19925
cosmopolitan,Cosmo & Networks,relaxed,Relaxed CS,ri,Random Intercepts,hier_cosmopolitan_relaxed_ri.rds,b_age_c,age_c,Age,Demographics,scalar,global,-0.04555565,-0.045722942719675,0.03080444468748263,-0.1093809,-0.09680544499999999,0.0050642644999999925,0.013678315000000014,0.06725,0.93275
cosmopolitan,Cosmo & Networks,relaxed,Relaxed CS,ri,Random Intercepts,hier_cosmopolitan_relaxed_ri.rds,b_gend.fWoman,gend.fWoman,Gender: Woman,Demographics,scalar,global,-0.177143,-0.1790102997475,0.05670126234519666,-0.29539512500000004,-0.27520304999999995,-0.08809071500000001,-0.07270508499999997,5e-4,0.9995
cosmopolitan,Cosmo & Networks,relaxed,Relaxed CS,ri,Random Intercepts,hier_cosmopolitan_relaxed_ri.rds,b_gend.fNonbinaryDOther,gend.fNonbinaryDOther,Gender: Nonbinary / Other,Demographics,scalar,global,-0.293885,-0.299208978324,0.2665984843164385,-0.8227020249999999,-0.7345375,0.1338607499999998,0.22125455000000013,0.13125,0.86875
cosmopolitan,Cosmo & Networks,relaxed,Relaxed CS,ri,Random Intercepts,hier_cosmopolitan_relaxed_ri.rds,b_race.fAsian,race.fAsian,Ethnoracial: Asian,Ethnoracial Identification,scalar,global,-0.108111,-0.1079102718612,0.12810695145668513,-0.36402605,-0.31992479999999995,0.10440144999999999,0.14036410000000007,0.199,0.801
cosmopolitan,Cosmo & Networks,relaxed,Relaxed CS,ri,Random Intercepts,hier_cosmopolitan_relaxed_ri.rds,b_race.fBlack,race.fBlack,Ethnoracial: Black,Ethnoracial Identification,scalar,global,0.013409500000000001,0.015513025733975,0.08660644949107939,-0.14488625,-0.12358129999999999,0.16483065,0.19589645,0.55775,0.44225
cosmopolitan,Cosmo & Networks,relaxed,Relaxed CS,ri,Random Intercepts,hier_cosmopolitan_relaxed_ri.rds,b_race.fHispanic,race.fHispanic,Ethnoracial: Hispanic / Latino,Ethnoracial Identification,scalar,global,-6.541215e-4,-0.003540203751525,0.12442255063561362,-0.25132077499999994,-0.2158955,0.1969511,0.23604707500000022,0.4975,0.5025
cosmopolitan,Cosmo & Networks,relaxed,Relaxed CS,ri,Random Intercepts,hier_cosmopolitan_relaxed_ri.rds,b_race.fMixedOther,race.fMixedOther,Ethnoracial: Mixed Other,Ethnoracial Identification,scalar,global,-0.21524300000000002,-0.213827284676825,0.1764922545528277,-0.556322675,-0.49461095,0.070812895,0.13481127500000026,0.114,0.886
cosmopolitan,Cosmo & Networks,relaxed,Relaxed CS,ri,Random Intercepts,hier_cosmopolitan_relaxed_ri.rds,b_race.fMixedWhite,race.fMixedWhite,Ethnoracial: Mixed White,Ethnoracial Identification,scalar,global,-0.2777065,-0.2767789479745,0.10203612009187263,-0.477523975,-0.44755819999999996,-0.10930450000000008,-0.07656751249999995,0.004,0.996
cosmopolitan,Cosmo & Networks,relaxed,Relaxed CS,ri,Random Intercepts,hier_cosmopolitan_relaxed_ri.rds,bcs_educ_c_avg,educ_c,Educational Attainment,Cultural Capital,cs_average,mean_1_6,0.09804054166666666,0.09744128601911792,0.03378473368252158,0.030948424750000002,0.04134707083333334,0.15165392749999995,0.16218837375000003,0.99875,0.00125
cosmopolitan,Cosmo & Networks,relaxed,Relaxed CS,ri,Random Intercepts,hier_cosmopolitan_relaxed_ri.rds,bcs_educ_c[1],educ_c,Educational Attainment,Cultural Capital,cs_step,1,0.147924,0.1482675850975,0.04293655477149605,0.0643577725,0.07660481999999999,0.21884874999999998,0.231713675,1,0
cosmopolitan,Cosmo & Networks,relaxed,Relaxed CS,ri,Random Intercepts,hier_cosmopolitan_relaxed_ri.rds,bcs_educ_c[2],educ_c,Educational Attainment,Cultural Capital,cs_step,2,0.07319490000000001,0.07398316413875,0.046602172303878295,-0.016427879999999995,-0.002188496499999998,0.1496798,0.16552840000000002,0.946,0.054
cosmopolitan,Cosmo & Networks,relaxed,Relaxed CS,ri,Random Intercepts,hier_cosmopolitan_relaxed_ri.rds,bcs_educ_c[3],educ_c,Educational Attainment,Cultural Capital,cs_step,3,0.0326843,0.032690170587975,0.04548457430169243,-0.058227560000000005,-0.044457325,0.10803665,0.12225235000000002,0.76825,0.23175
cosmopolitan,Cosmo & Networks,relaxed,Relaxed CS,ri,Random Intercepts,hier_cosmopolitan_relaxed_ri.rds,bcs_educ_c[4],educ_c,Educational Attainment,Cultural Capital,cs_step,4,0.193287,0.1937569558,0.04704786457985524,0.102786625,0.11614065,0.2714899499999999,0.28523207500000003,1,0
cosmopolitan,Cosmo & Networks,relaxed,Relaxed CS,ri,Random Intercepts,hier_cosmopolitan_relaxed_ri.rds,bcs_educ_c[5],educ_c,Educational Attainment,Cultural Capital,cs_step,5,0.123728,0.12270068526125,0.05157910106899071,0.0223023075,0.03645786,0.20522594999999996,0.22379675,0.99075,0.00925
cosmopolitan,Cosmo & Networks,relaxed,Relaxed CS,ri,Random Intercepts,hier_cosmopolitan_relaxed_ri.rds,bcs_educ_c[6],educ_c,Educational Attainment,Cultural Capital,cs_step,6,0.01283545,0.0132491552292325,0.05730503010677007,-0.0980745925,-0.08005912,0.10801449999999996,0.12531997500000006,0.58625,0.41375
cosmopolitan,Cosmo & Networks,relaxed,Relaxed CS,ri,Random Intercepts,hier_cosmopolitan_relaxed_ri.rds,bcs_peduc_c_avg,peduc_c,Parental Education,Cultural Capital,cs_average,mean_1_6,-0.027878874166666665,-0.027952639318495832,0.03531490326194648,-0.09848008999999999,-0.08719806533333332,0.030191898666666644,0.04254980287500002,0.2095,0.7905
cosmopolitan,Cosmo & Networks,relaxed,Relaxed CS,ri,Random Intercepts,hier_cosmopolitan_relaxed_ri.rds,bcs_peduc_c[1],peduc_c,Parental Education,Cultural Capital,cs_step,1,0.01033535,0.009621284502725,0.04445189818241955,-0.07854517,-0.06455739,0.08211324499999996,0.09494688500000001,0.584,0.416
cosmopolitan,Cosmo & Networks,relaxed,Relaxed CS,ri,Random Intercepts,hier_cosmopolitan_relaxed_ri.rds,bcs_peduc_c[2],peduc_c,Parental Education,Cultural Capital,cs_step,2,-0.01060355,-0.01073514361475,0.04714777601664969,-0.103541125,-0.09120186999999999,0.06710262499999999,0.0810227625,0.406,0.594
cosmopolitan,Cosmo & Networks,relaxed,Relaxed CS,ri,Random Intercepts,hier_cosmopolitan_relaxed_ri.rds,bcs_peduc_c[3],peduc_c,Parental Education,Cultural Capital,cs_step,3,-0.0652674,-0.064578894714275,0.04679604564217304,-0.15554695,-0.14308035000000002,0.012472179999999987,0.027236480000000028,0.08675,0.91325
cosmopolitan,Cosmo & Networks,relaxed,Relaxed CS,ri,Random Intercepts,hier_cosmopolitan_relaxed_ri.rds,bcs_peduc_c[4],peduc_c,Parental Education,Cultural Capital,cs_step,4,0.1198845,0.11997170513785,0.048633876447535196,0.0254315775,0.04044190500000001,0.19987154999999998,0.2148853,0.992,0.008
cosmopolitan,Cosmo & Networks,relaxed,Relaxed CS,ri,Random Intercepts,hier_cosmopolitan_relaxed_ri.rds,bcs_peduc_c[5],peduc_c,Parental Education,Cultural Capital,cs_step,5,-0.124501,-0.123920505555825,0.054185506679465215,-0.23076077499999997,-0.21128005,-0.03617541000000004,-0.020442244999999998,0.0125,0.9875
cosmopolitan,Cosmo & Networks,relaxed,Relaxed CS,ri,Random Intercepts,hier_cosmopolitan_relaxed_ri.rds,bcs_peduc_c[6],peduc_c,Parental Education,Cultural Capital,cs_step,6,-0.09883810000000001,-0.0980742816667,0.057721464881844466,-0.21104947500000001,-0.19077334999999998,-6.843028000000541e-5,0.015963925000000007,0.04975,0.95025
cosmopolitan,Cosmo & Networks,relaxed,Relaxed CS,ri,Random Intercepts,hier_cosmopolitan_relaxed_ri.rds,bcs_arts_c_avg,arts_c,Childhood Arts Socialization,Cultural Capital,cs_average,mean_1_6,-0.05619495333333333,-0.056270498328244586,0.0343113603812325,-0.12438456916666668,-0.11378455916666665,6.680889999999763e-4,0.010914031125000024,0.05175,0.94825
cosmopolitan,Cosmo & Networks,relaxed,Relaxed CS,ri,Random Intercepts,hier_cosmopolitan_relaxed_ri.rds,bcs_arts_c[1],arts_c,Childhood Arts Socialization,Cultural Capital,cs_step,1,-0.05112395,-0.05102915524475,0.043432805536065405,-0.1346979,-0.12200225,0.0200289,0.0328440675,0.1235,0.8765
cosmopolitan,Cosmo & Networks,relaxed,Relaxed CS,ri,Random Intercepts,hier_cosmopolitan_relaxed_ri.rds,bcs_arts_c[2],arts_c,Childhood Arts Socialization,Cultural Capital,cs_step,2,-0.021239,-0.0213491509809675,0.04659580236194459,-0.112431625,-0.09864276999999999,0.05550458999999998,0.07110669750000002,0.3295,0.6705
cosmopolitan,Cosmo & Networks,relaxed,Relaxed CS,ri,Random Intercepts,hier_cosmopolitan_relaxed_ri.rds,bcs_arts_c[3],arts_c,Childhood Arts Socialization,Cultural Capital,cs_step,3,-0.0702545,-0.070657171548675,0.04637336917792529,-0.1588517,-0.1472262,0.006342908499999988,0.021860840000000048,0.065,0.935
cosmopolitan,Cosmo & Networks,relaxed,Relaxed CS,ri,Random Intercepts,hier_cosmopolitan_relaxed_ri.rds,bcs_arts_c[4],arts_c,Childhood Arts Socialization,Cultural Capital,cs_step,4,-0.1359195,-0.1355913798275,0.04919627422819878,-0.231748825,-0.21459164999999997,-0.05440300500000002,-0.039638502499999964,0.002,0.998
cosmopolitan,Cosmo & Networks,relaxed,Relaxed CS,ri,Random Intercepts,hier_cosmopolitan_relaxed_ri.rds,bcs_arts_c[5],arts_c,Childhood Arts Socialization,Cultural Capital,cs_step,5,-0.00389112,-0.0045488054683,0.0546070801753735,-0.108742375,-0.09482613,0.08473835499999999,0.10226950000000004,0.473,0.527
cosmopolitan,Cosmo & Networks,relaxed,Relaxed CS,ri,Random Intercepts,hier_cosmopolitan_relaxed_ri.rds,bcs_arts_c[6],arts_c,Childhood Arts Socialization,Cultural Capital,cs_step,6,-0.054325899999999996,-0.054447326899275,0.057975898501535644,-0.168613975,-0.15004119999999999,0.03872533499999999,0.05742266500000002,0.177,0.823
cosmopolitan,Cosmo & Networks,relaxed,Relaxed CS,ri,Random Intercepts,hier_cosmopolitan_relaxed_ri.rds,bcs_social_c_avg,social_c,Social Conservatism,Ideology,cs_average,mean_1_6,0.16799753916666665,0.1684656049627896,0.0512580960949697,0.07199472429166667,0.08598481103333334,0.25275763883333335,0.2690232516666667,0.999,0.001
cosmopolitan,Cosmo & Networks,relaxed,Relaxed CS,ri,Random Intercepts,hier_cosmopolitan_relaxed_ri.rds,bcs_social_c[1],social_c,Social Conservatism,Ideology,cs_step,1,-0.06915489999999999,-0.0682183207807,0.06935727096108876,-0.202065575,-0.18241419999999997,0.046532385,0.0666300325,0.16525,0.83475
cosmopolitan,Cosmo & Networks,relaxed,Relaxed CS,ri,Random Intercepts,hier_cosmopolitan_relaxed_ri.rds,bcs_social_c[2],social_c,Social Conservatism,Ideology,cs_step,2,0.06941705000000001,0.068783569255275,0.07066798343761685,-0.0719688075,-0.049156834999999996,0.18163044999999994,0.206314975,0.829,0.171
cosmopolitan,Cosmo & Networks,relaxed,Relaxed CS,ri,Random Intercepts,hier_cosmopolitan_relaxed_ri.rds,bcs_social_c[3],social_c,Social Conservatism,Ideology,cs_step,3,0.112482,0.11381971737072501,0.06800657412262293,-0.014765414999999997,0.004717910000000005,0.22881309999999988,0.2508435750000001,0.955,0.045
cosmopolitan,Cosmo & Networks,relaxed,Relaxed CS,ri,Random Intercepts,hier_cosmopolitan_relaxed_ri.rds,bcs_social_c[4],social_c,Social Conservatism,Ideology,cs_step,4,0.1253335,0.1259022859064375,0.07193188851902275,-0.014969579999999994,0.007727142,0.24665269999999997,0.26657440000000004,0.95875,0.04125
cosmopolitan,Cosmo & Networks,relaxed,Relaxed CS,ri,Random Intercepts,hier_cosmopolitan_relaxed_ri.rds,bcs_social_c[5],social_c,Social Conservatism,Ideology,cs_step,5,0.268776,0.270971072525,0.07702241837165848,0.12271222500000001,0.1466195,0.3997227,0.4257879750000001,1,0
cosmopolitan,Cosmo & Networks,relaxed,Relaxed CS,ri,Random Intercepts,hier_cosmopolitan_relaxed_ri.rds,bcs_social_c[6],social_c,Social Conservatism,Ideology,cs_step,6,0.4996715,0.4995353055,0.08425811523421572,0.331321925,0.36111604999999997,0.6348798999999999,0.6620249,1,0
cosmopolitan,Cosmo & Networks,relaxed,Relaxed CS,ri,Random Intercepts,hier_cosmopolitan_relaxed_ri.rds,bcs_economic_c_avg,economic_c,Economic Conservatism,Ideology,cs_average,mean_1_6,-0.025482264166666668,-0.0268375022158825,0.050241903382563076,-0.12514822791666666,-0.11133531208333333,0.056806819416666536,0.07131891416666669,0.29675,0.70325
cosmopolitan,Cosmo & Networks,relaxed,Relaxed CS,ri,Random Intercepts,hier_cosmopolitan_relaxed_ri.rds,bcs_economic_c[1],economic_c,Economic Conservatism,Ideology,cs_step,1,0.09002450000000001,0.09024910217915,0.06873951662095176,-0.0390571475,-0.021383,0.20458944999999995,0.22634565000000004,0.9005,0.0995
cosmopolitan,Cosmo & Networks,relaxed,Relaxed CS,ri,Random Intercepts,hier_cosmopolitan_relaxed_ri.rds,bcs_economic_c[2],economic_c,Economic Conservatism,Ideology,cs_step,2,0.01721915,0.01644119421645,0.06873860295090999,-0.117965375,-0.09730599499999999,0.12894079999999997,0.15187877500000002,0.59175,0.40825
cosmopolitan,Cosmo & Networks,relaxed,Relaxed CS,ri,Random Intercepts,hier_cosmopolitan_relaxed_ri.rds,bcs_economic_c[3],economic_c,Economic Conservatism,Ideology,cs_step,3,0.036188899999999996,0.0370438080969875,0.06753836855901542,-0.09564296249999998,-0.07339787999999998,0.14854165,0.16968232500000008,0.713,0.287
cosmopolitan,Cosmo & Networks,relaxed,Relaxed CS,ri,Random Intercepts,hier_cosmopolitan_relaxed_ri.rds,bcs_economic_c[4],economic_c,Economic Conservatism,Ideology,cs_step,4,0.08453535000000001,0.0844852003459425,0.07165098302816143,-0.0542598475,-0.03422702,0.20222415,0.22461697500000002,0.88025,0.11975
cosmopolitan,Cosmo & Networks,relaxed,Relaxed CS,ri,Random Intercepts,hier_cosmopolitan_relaxed_ri.rds,bcs_economic_c[5],economic_c,Economic Conservatism,Ideology,cs_step,5,-0.09554545,-0.096643134078825,0.07837898919799839,-0.253329175,-0.2278942,0.031253519999999924,0.05303069250000001,0.11075,0.88925
cosmopolitan,Cosmo & Networks,relaxed,Relaxed CS,ri,Random Intercepts,hier_cosmopolitan_relaxed_ri.rds,bcs_economic_c[6],economic_c,Economic Conservatism,Ideology,cs_step,6,-0.2928965,-0.292601184055,0.0853995268782609,-0.458212925,-0.4349261,-0.1499180000000001,-0.12389949999999998,0,1
cosmopolitan,Cosmo & Networks,relaxed,Relaxed CS,ri,Random Intercepts,hier_cosmopolitan_relaxed_ri.rds,bcs_cosmo_global_c_avg,cosmo_global_c,Global Citizen Identity,Cosmopolitan Capital,cs_average,mean_1_6,0.032001318333333334,0.0312957803456,0.03041456884365346,-0.0309960325,-0.020727429166666665,0.08051518224999998,0.08826129512916667,0.84575,0.15425
cosmopolitan,Cosmo & Networks,relaxed,Relaxed CS,ri,Random Intercepts,hier_cosmopolitan_relaxed_ri.rds,bcs_cosmo_global_c[1],cosmo_global_c,Global Citizen Identity,Cosmopolitan Capital,cs_step,1,-0.055336750000000004,-0.055458689160275,0.039595556252543934,-0.13481052500000001,-0.11954614999999999,0.008130723999999936,0.02140411250000001,0.07825,0.92175
cosmopolitan,Cosmo & Networks,relaxed,Relaxed CS,ri,Random Intercepts,hier_cosmopolitan_relaxed_ri.rds,bcs_cosmo_global_c[2],cosmo_global_c,Global Citizen Identity,Cosmopolitan Capital,cs_step,2,0.0963909,0.09563346909175,0.042220243237373126,0.012095555,0.025563095,0.16457849999999996,0.177298325,0.985,0.015
cosmopolitan,Cosmo & Networks,relaxed,Relaxed CS,ri,Random Intercepts,hier_cosmopolitan_relaxed_ri.rds,bcs_cosmo_global_c[3],cosmo_global_c,Global Citizen Identity,Cosmopolitan Capital,cs_step,3,-0.01605725,-0.01670435041025,0.04147576569209165,-0.09807436,-0.08641293,0.052060720000000005,0.0636808275,0.3455,0.6545
cosmopolitan,Cosmo & Networks,relaxed,Relaxed CS,ri,Random Intercepts,hier_cosmopolitan_relaxed_ri.rds,bcs_cosmo_global_c[4],cosmo_global_c,Global Citizen Identity,Cosmopolitan Capital,cs_step,4,0.13375700000000001,0.13341646827625,0.0437014373534992,0.04794596499999999,0.061382105,0.20498840000000002,0.21915925,0.999,0.001
cosmopolitan,Cosmo & Networks,relaxed,Relaxed CS,ri,Random Intercepts,hier_cosmopolitan_relaxed_ri.rds,bcs_cosmo_global_c[5],cosmo_global_c,Global Citizen Identity,Cosmopolitan Capital,cs_step,5,-0.036618399999999995,-0.03681910450255,0.04965342733345028,-0.132107725,-0.11871455,0.04518123499999997,0.06168023000000001,0.22475,0.77525
cosmopolitan,Cosmo & Networks,relaxed,Relaxed CS,ri,Random Intercepts,hier_cosmopolitan_relaxed_ri.rds,bcs_cosmo_global_c[6],cosmo_global_c,Global Citizen Identity,Cosmopolitan Capital,cs_step,6,0.06729185,0.067706888778675,0.05286864925463796,-0.036084130000000006,-0.01856367,0.15453864999999997,0.17205245000000008,0.90275,0.09725
cosmopolitan,Cosmo & Networks,relaxed,Relaxed CS,ri,Random Intercepts,hier_cosmopolitan_relaxed_ri.rds,bcs_network_diversity_c_avg,network_diversity_c,Friendship Network Diversity,Cosmopolitan Capital,cs_average,mean_1_6,0.061230775,0.06026508054342792,0.03214268736123089,-0.0030507095416666625,0.005433344750000003,0.11070603666666666,0.120025525,0.9665,0.0335
cosmopolitan,Cosmo & Networks,relaxed,Relaxed CS,ri,Random Intercepts,hier_cosmopolitan_relaxed_ri.rds,bcs_network_diversity_c[1],network_diversity_c,Friendship Network Diversity,Cosmopolitan Capital,cs_step,1,-0.11967900000000001,-0.1201469875845,0.043308580182538366,-0.20789107499999998,-0.19168359999999998,-0.04929162500000005,-0.03809430999999994,0.00325,0.99675
cosmopolitan,Cosmo & Networks,relaxed,Relaxed CS,ri,Random Intercepts,hier_cosmopolitan_relaxed_ri.rds,bcs_network_diversity_c[2],network_diversity_c,Friendship Network Diversity,Cosmopolitan Capital,cs_step,2,0.07588395,0.075031081634925,0.046300221645587794,-0.017866784999999993,-0.0032394544999999986,0.14916849999999995,0.16262800000000002,0.946,0.054
cosmopolitan,Cosmo & Networks,relaxed,Relaxed CS,ri,Random Intercepts,hier_cosmopolitan_relaxed_ri.rds,bcs_network_diversity_c[3],network_diversity_c,Friendship Network Diversity,Cosmopolitan Capital,cs_step,3,0.11399100000000001,0.11456682671125,0.04462159235322632,0.024703885000000005,0.041488715,0.18845094999999998,0.2012218,0.9945,0.0055
cosmopolitan,Cosmo & Networks,relaxed,Relaxed CS,ri,Random Intercepts,hier_cosmopolitan_relaxed_ri.rds,bcs_network_diversity_c[4],network_diversity_c,Friendship Network Diversity,Cosmopolitan Capital,cs_step,4,0.214055,0.213968458425,0.046145749140839354,0.12289687500000002,0.1398927,0.2905049,0.306142825,1,0
cosmopolitan,Cosmo & Networks,relaxed,Relaxed CS,ri,Random Intercepts,hier_cosmopolitan_relaxed_ri.rds,bcs_network_diversity_c[5],network_diversity_c,Friendship Network Diversity,Cosmopolitan Capital,cs_step,5,0.06251209999999999,0.06298555515045,0.05020091508869743,-0.035818135,-0.01921322,0.14730395,0.1603117,0.89825,0.10175
cosmopolitan,Cosmo & Networks,relaxed,Relaxed CS,ri,Random Intercepts,hier_cosmopolitan_relaxed_ri.rds,bcs_network_diversity_c[6],network_diversity_c,Friendship Network Diversity,Cosmopolitan Capital,cs_step,6,0.0151875,0.0151855489234425,0.05211221553937257,-0.08791593250000002,-0.06813929,0.09957129999999993,0.117366725,0.60675,0.39325
cosmopolitan,Cosmo & Networks,strict,Strict (Equal Slopes),rs,Crossed Random Slopes,hier_cosmopolitan_strict_rs.rds,b_cosmo_global_c,cosmo_global_c,Global Citizen Identity,Cosmopolitan Capital,scalar,global,0.03759015,0.037317255224895,0.03192140808601718,-0.0273110225,-0.014564199999999998,0.09032263499999996,0.10086015000000001,0.88825,0.11175
cosmopolitan,Cosmo & Networks,strict,Strict (Equal Slopes),rs,Crossed Random Slopes,hier_cosmopolitan_strict_rs.rds,b_network_diversity_c,network_diversity_c,Friendship Network Diversity,Cosmopolitan Capital,scalar,global,0.0612802,0.06169712078275,0.03063026808926807,0.00243537925,0.011034850000000002,0.11147914999999994,0.120765875,0.9785,0.0215
cosmopolitan,Cosmo & Networks,strict,Strict (Equal Slopes),rs,Crossed Random Slopes,hier_cosmopolitan_strict_rs.rds,b_educ_c,educ_c,Educational Attainment,Cultural Capital,scalar,global,0.102774,0.102127934358,0.033952522160584815,0.03623405250000001,0.047092635,0.15737654999999998,0.16759947500000003,0.997,0.003
cosmopolitan,Cosmo & Networks,strict,Strict (Equal Slopes),rs,Crossed Random Slopes,hier_cosmopolitan_strict_rs.rds,b_peduc_c,peduc_c,Parental Education,Cultural Capital,scalar,global,-0.0229838,-0.0218626052248975,0.03275930285283317,-0.08212636999999999,-0.07457597499999999,0.03178867499999998,0.04403665250000004,0.252,0.748
cosmopolitan,Cosmo & Networks,strict,Strict (Equal Slopes),rs,Crossed Random Slopes,hier_cosmopolitan_strict_rs.rds,b_arts_c,arts_c,Childhood Arts Socialization,Cultural Capital,scalar,global,-0.0547038,-0.0546489638544,0.03140502885179889,-0.1169703,-0.1055854,-0.002511791500000026,0.006338549250000013,0.042,0.958
cosmopolitan,Cosmo & Networks,strict,Strict (Equal Slopes),rs,Crossed Random Slopes,hier_cosmopolitan_strict_rs.rds,b_social_c,social_c,Social Conservatism,Ideology,scalar,global,0.135256,0.13485554844225,0.04737834041156104,0.0392545425,0.056573609999999996,0.21169914999999997,0.226045675,0.99525,0.00475
cosmopolitan,Cosmo & Networks,strict,Strict (Equal Slopes),rs,Crossed Random Slopes,hier_cosmopolitan_strict_rs.rds,b_economic_c,economic_c,Economic Conservatism,Ideology,scalar,global,-0.0024511150000000002,-0.0013434054659150001,0.048496525047888046,-0.09358302,-0.07784351999999999,0.07893680999999989,0.09420451750000004,0.47875,0.52125
cosmopolitan,Cosmo & Networks,strict,Strict (Equal Slopes),rs,Crossed Random Slopes,hier_cosmopolitan_strict_rs.rds,b_income_c,income_c,Household Income,Demographics,scalar,global,0.0203382,0.019969603661225,0.030261174125539837,-0.03989906249999999,-0.029778629999999993,0.068601105,0.07668222000000001,0.7505,0.2495
cosmopolitan,Cosmo & Networks,strict,Strict (Equal Slopes),rs,Crossed Random Slopes,hier_cosmopolitan_strict_rs.rds,b_age_c,age_c,Age,Demographics,scalar,global,-0.05075365,-0.051384768488275,0.028915042079956776,-0.11126825,-0.1008632,-0.005610136000000007,0.0032403020000000026,0.03175,0.96825
cosmopolitan,Cosmo & Networks,strict,Strict (Equal Slopes),rs,Crossed Random Slopes,hier_cosmopolitan_strict_rs.rds,b_gend.fWoman,gend.fWoman,Gender: Woman,Demographics,scalar,global,-0.170667,-0.1690729332745,0.057450471380262436,-0.2808543,-0.26200395,-0.07439048,-0.05852752,0.0015,0.9985
cosmopolitan,Cosmo & Networks,strict,Strict (Equal Slopes),rs,Crossed Random Slopes,hier_cosmopolitan_strict_rs.rds,b_gend.fNonbinaryDOther,gend.fNonbinaryDOther,Gender: Nonbinary / Other,Demographics,scalar,global,-0.278451,-0.2810175002694,0.26013889553401837,-0.78640575,-0.71350885,0.1349881999999999,0.21875102500000007,0.142,0.858
cosmopolitan,Cosmo & Networks,strict,Strict (Equal Slopes),rs,Crossed Random Slopes,hier_cosmopolitan_strict_rs.rds,b_race.fAsian,race.fAsian,Ethnoracial: Asian,Ethnoracial Identification,scalar,global,-0.111571,-0.112596069427075,0.1244668476950156,-0.35945232499999996,-0.3201634,0.08848933499999981,0.13374660000000005,0.17825,0.82175
cosmopolitan,Cosmo & Networks,strict,Strict (Equal Slopes),rs,Crossed Random Slopes,hier_cosmopolitan_strict_rs.rds,b_race.fBlack,race.fBlack,Ethnoracial: Black,Ethnoracial Identification,scalar,global,0.011037249999999998,0.010618318658375,0.08503142194080693,-0.158951975,-0.12783859999999997,0.15099414999999988,0.17560192500000008,0.5585,0.4415
cosmopolitan,Cosmo & Networks,strict,Strict (Equal Slopes),rs,Crossed Random Slopes,hier_cosmopolitan_strict_rs.rds,b_race.fHispanic,race.fHispanic,Ethnoracial: Hispanic / Latino,Ethnoracial Identification,scalar,global,-0.0226879,-0.02174703011305,0.12312498255639251,-0.26338870000000003,-0.2261774,0.18081174999999985,0.217524025,0.422,0.578
cosmopolitan,Cosmo & Networks,strict,Strict (Equal Slopes),rs,Crossed Random Slopes,hier_cosmopolitan_strict_rs.rds,b_race.fMixedOther,race.fMixedOther,Ethnoracial: Mixed Other,Ethnoracial Identification,scalar,global,-0.2031945,-0.20263126283125,0.17470763462623867,-0.5384239,-0.4865283,0.08550349499999992,0.14262615000000023,0.1215,0.8785
cosmopolitan,Cosmo & Networks,strict,Strict (Equal Slopes),rs,Crossed Random Slopes,hier_cosmopolitan_strict_rs.rds,b_race.fMixedWhite,race.fMixedWhite,Ethnoracial: Mixed White,Ethnoracial Identification,scalar,global,-0.26591750000000003,-0.267617134599625,0.10485541020946659,-0.47431407499999995,-0.44093205,-0.09280588000000004,-0.056504689999999885,0.00475,0.99525
cosmopolitan,Cosmo & Networks,relaxed,Relaxed CS,rs,Crossed Random Slopes,hier_cosmopolitan_relaxed_rs.rds,b_income_c,income_c,Household Income,Demographics,scalar,global,0.0235035,0.0224828987087,0.03201497699370639,-0.040215595,-0.0312894,0.07448167499999998,0.08437754250000004,0.7555,0.2445
cosmopolitan,Cosmo & Networks,relaxed,Relaxed CS,rs,Crossed Random Slopes,hier_cosmopolitan_relaxed_rs.rds,b_age_c,age_c,Age,Demographics,scalar,global,-0.050568,-0.05097871208975,0.03096089011726662,-0.11352935000000001,-0.1023993,-0.0014598235000000243,0.009402146000000017,0.04725,0.95275
cosmopolitan,Cosmo & Networks,relaxed,Relaxed CS,rs,Crossed Random Slopes,hier_cosmopolitan_relaxed_rs.rds,b_gend.fWoman,gend.fWoman,Gender: Woman,Demographics,scalar,global,-0.189566,-0.19046541005,0.05640843782366944,-0.30292067500000003,-0.2833424,-0.09867251000000002,-0.07701888999999999,7.5e-4,0.99925
cosmopolitan,Cosmo & Networks,relaxed,Relaxed CS,rs,Crossed Random Slopes,hier_cosmopolitan_relaxed_rs.rds,b_gend.fNonbinaryDOther,gend.fNonbinaryDOther,Gender: Nonbinary / Other,Demographics,scalar,global,-0.33476700000000004,-0.333514240843,0.26061812284773594,-0.8518215,-0.7647609,0.09009695999999934,0.17079147500000003,0.097,0.903
cosmopolitan,Cosmo & Networks,relaxed,Relaxed CS,rs,Crossed Random Slopes,hier_cosmopolitan_relaxed_rs.rds,b_race.fAsian,race.fAsian,Ethnoracial: Asian,Ethnoracial Identification,scalar,global,-0.1143105,-0.1114572599679,0.1287407997975173,-0.35430654999999994,-0.31827185,0.10121674999999991,0.13861692500000003,0.19575,0.80425
cosmopolitan,Cosmo & Networks,relaxed,Relaxed CS,rs,Crossed Random Slopes,hier_cosmopolitan_relaxed_rs.rds,b_race.fBlack,race.fBlack,Ethnoracial: Black,Ethnoracial Identification,scalar,global,0.01390495,0.01500480025795,0.08796888962608582,-0.15420457499999998,-0.12817555000000003,0.15971744999999996,0.1857264,0.56425,0.43575
cosmopolitan,Cosmo & Networks,relaxed,Relaxed CS,rs,Crossed Random Slopes,hier_cosmopolitan_relaxed_rs.rds,b_race.fHispanic,race.fHispanic,Ethnoracial: Hispanic / Latino,Ethnoracial Identification,scalar,global,-0.0163513,-0.0165441603882,0.12456566676777231,-0.26273825,-0.21971825,0.18619339999999981,0.22741915000000001,0.449,0.551
cosmopolitan,Cosmo & Networks,relaxed,Relaxed CS,rs,Crossed Random Slopes,hier_cosmopolitan_relaxed_rs.rds,b_race.fMixedOther,race.fMixedOther,Ethnoracial: Mixed Other,Ethnoracial Identification,scalar,global,-0.2050385,-0.205833582052725,0.17703051470332248,-0.548548325,-0.50244735,0.08395345999999998,0.13932615,0.12825,0.87175
cosmopolitan,Cosmo & Networks,relaxed,Relaxed CS,rs,Crossed Random Slopes,hier_cosmopolitan_relaxed_rs.rds,b_race.fMixedWhite,race.fMixedWhite,Ethnoracial: Mixed White,Ethnoracial Identification,scalar,global,-0.27819,-0.2791560857475,0.1033495803944117,-0.48764199999999996,-0.44923665,-0.11163385000000008,-0.08166063999999996,0.00375,0.99625
cosmopolitan,Cosmo & Networks,relaxed,Relaxed CS,rs,Crossed Random Slopes,hier_cosmopolitan_relaxed_rs.rds,bcs_educ_c_avg,educ_c,Educational Attainment,Cultural Capital,cs_average,mean_1_6,0.10347854166666667,0.10317708652349084,0.036333281771067726,0.031612103125000006,0.04165951529166667,0.16232161333333334,0.1719788641666667,0.99825,0.00175
cosmopolitan,Cosmo & Networks,relaxed,Relaxed CS,rs,Crossed Random Slopes,hier_cosmopolitan_relaxed_rs.rds,bcs_educ_c[1],educ_c,Educational Attainment,Cultural Capital,cs_step,1,0.1532075,0.152987910938,0.04508590171935859,0.06342848499999999,0.080384335,0.22539835,0.23921292500000005,0.9995,5e-4
cosmopolitan,Cosmo & Networks,relaxed,Relaxed CS,rs,Crossed Random Slopes,hier_cosmopolitan_relaxed_rs.rds,bcs_educ_c[2],educ_c,Educational Attainment,Cultural Capital,cs_step,2,0.07742745000000001,0.077676567602395,0.048515786258977275,-0.018689692499999994,-0.0034426889999999996,0.15829459999999995,0.1730114,0.9445,0.0555
cosmopolitan,Cosmo & Networks,relaxed,Relaxed CS,rs,Crossed Random Slopes,hier_cosmopolitan_relaxed_rs.rds,bcs_educ_c[3],educ_c,Educational Attainment,Cultural Capital,cs_step,3,0.036978,0.03786477648635,0.04685458004836746,-0.05308605749999999,-0.037073585,0.11611845,0.13088717500000002,0.79325,0.20675
cosmopolitan,Cosmo & Networks,relaxed,Relaxed CS,rs,Crossed Random Slopes,hier_cosmopolitan_relaxed_rs.rds,bcs_educ_c[4],educ_c,Educational Attainment,Cultural Capital,cs_step,4,0.1989595,0.19947128455,0.04948156885450387,0.104248075,0.11973859999999999,0.28108325,0.29681735000000004,1,0
cosmopolitan,Cosmo & Networks,relaxed,Relaxed CS,rs,Crossed Random Slopes,hier_cosmopolitan_relaxed_rs.rds,bcs_educ_c[5],educ_c,Educational Attainment,Cultural Capital,cs_step,5,0.1300135,0.1299908250195,0.054266999879240566,0.021408605000000004,0.039594155000000006,0.21817199999999995,0.23313080000000003,0.99225,0.00775
cosmopolitan,Cosmo & Networks,relaxed,Relaxed CS,rs,Crossed Random Slopes,hier_cosmopolitan_relaxed_rs.rds,bcs_educ_c[6],educ_c,Educational Attainment,Cultural Capital,cs_step,6,0.0202906,0.0210711545447,0.05879538723038584,-0.09467499,-0.07540089999999999,0.1188436,0.13518252500000008,0.6385,0.3615
cosmopolitan,Cosmo & Networks,relaxed,Relaxed CS,rs,Crossed Random Slopes,hier_cosmopolitan_relaxed_rs.rds,bcs_peduc_c_avg,peduc_c,Parental Education,Cultural Capital,cs_average,mean_1_6,-0.03730900833333334,-0.03752537550202917,0.035010212069575185,-0.10828990375,-0.09472455166666668,0.018826594999999995,0.029175435750000006,0.13925,0.86075
cosmopolitan,Cosmo & Networks,relaxed,Relaxed CS,rs,Crossed Random Slopes,hier_cosmopolitan_relaxed_rs.rds,bcs_peduc_c[1],peduc_c,Parental Education,Cultural Capital,cs_step,1,0.01783895,0.018232789120725,0.043751139432869526,-0.06812744250000001,-0.053839975,0.09052511999999999,0.10486775000000001,0.6725,0.3275
cosmopolitan,Cosmo & Networks,relaxed,Relaxed CS,rs,Crossed Random Slopes,hier_cosmopolitan_relaxed_rs.rds,bcs_peduc_c[2],peduc_c,Parental Education,Cultural Capital,cs_step,2,-0.00786441,-0.00753327687435,0.04760509399152746,-0.10088620000000001,-0.084212105,0.07235117499999999,0.08642278250000003,0.433,0.567
cosmopolitan,Cosmo & Networks,relaxed,Relaxed CS,rs,Crossed Random Slopes,hier_cosmopolitan_relaxed_rs.rds,bcs_peduc_c[3],peduc_c,Parental Education,Cultural Capital,cs_step,3,-0.06786439999999999,-0.068373527115,0.04561084443848628,-0.160094225,-0.14259855,0.004907877499999989,0.01773625750000005,0.063,0.937
cosmopolitan,Cosmo & Networks,relaxed,Relaxed CS,rs,Crossed Random Slopes,hier_cosmopolitan_relaxed_rs.rds,bcs_peduc_c[4],peduc_c,Parental Education,Cultural Capital,cs_step,4,0.108555,0.107327884634,0.04897521770392392,0.01130304,0.02601105,0.18623314999999996,0.20111775000000004,0.986,0.014
cosmopolitan,Cosmo & Networks,relaxed,Relaxed CS,rs,Crossed Random Slopes,hier_cosmopolitan_relaxed_rs.rds,bcs_peduc_c[5],peduc_c,Parental Education,Cultural Capital,cs_step,5,-0.1455955,-0.144823110375275,0.052856861222221455,-0.2490171,-0.23355465,-0.05562805000000008,-0.037300189999999976,0.003,0.997
cosmopolitan,Cosmo & Networks,relaxed,Relaxed CS,rs,Crossed Random Slopes,hier_cosmopolitan_relaxed_rs.rds,bcs_peduc_c[6],peduc_c,Parental Education,Cultural Capital,cs_step,6,-0.1302275,-0.129983012402275,0.05857296892612025,-0.24191485,-0.22639635000000002,-0.03327941000000001,-0.015562624999999997,0.0145,0.9855
cosmopolitan,Cosmo & Networks,relaxed,Relaxed CS,rs,Crossed Random Slopes,hier_cosmopolitan_relaxed_rs.rds,bcs_arts_c_avg,arts_c,Childhood Arts Socialization,Cultural Capital,cs_average,mean_1_6,-0.05389597916666666,-0.05405813014847608,0.034012495041065634,-0.11829094166666666,-0.10881680916666667,0.0022467215833333323,0.012429543625000008,0.05675,0.94325
cosmopolitan,Cosmo & Networks,relaxed,Relaxed CS,rs,Crossed Random Slopes,hier_cosmopolitan_relaxed_rs.rds,bcs_arts_c[1],arts_c,Childhood Arts Socialization,Cultural Capital,cs_step,1,-0.06075995,-0.06035879403872,0.04334291375923073,-0.14453054999999998,-0.13218785,0.013217849999999984,0.027848222500000012,0.08275,0.91725
cosmopolitan,Cosmo & Networks,relaxed,Relaxed CS,rs,Crossed Random Slopes,hier_cosmopolitan_relaxed_rs.rds,bcs_arts_c[2],arts_c,Childhood Arts Socialization,Cultural Capital,cs_step,2,-0.02848145,-0.0274592739798325,0.04577857893238595,-0.112939325,-0.09985153999999999,0.04852117999999999,0.06580413000000002,0.27,0.73
cosmopolitan,Cosmo & Networks,relaxed,Relaxed CS,rs,Crossed Random Slopes,hier_cosmopolitan_relaxed_rs.rds,bcs_arts_c[3],arts_c,Childhood Arts Socialization,Cultural Capital,cs_step,3,-0.0707043,-0.070918042692275,0.04570484675205047,-0.15805412500000002,-0.145454,0.00528876999999999,0.021426632500000008,0.0635,0.9365
cosmopolitan,Cosmo & Networks,relaxed,Relaxed CS,rs,Crossed Random Slopes,hier_cosmopolitan_relaxed_rs.rds,bcs_arts_c[4],arts_c,Childhood Arts Socialization,Cultural Capital,cs_step,4,-0.12995400000000001,-0.12988411052275,0.047995032407733035,-0.22556352500000001,-0.20879225,-0.05325224500000002,-0.03847172249999999,0.00225,0.99775
cosmopolitan,Cosmo & Networks,relaxed,Relaxed CS,rs,Crossed Random Slopes,hier_cosmopolitan_relaxed_rs.rds,bcs_arts_c[5],arts_c,Childhood Arts Socialization,Cultural Capital,cs_step,5,0.0044410249999999995,0.0043689208359285,0.054994648114816,-0.106458325,-0.08686474,0.09515860999999994,0.11327855000000002,0.53175,0.46825
cosmopolitan,Cosmo & Networks,relaxed,Relaxed CS,rs,Crossed Random Slopes,hier_cosmopolitan_relaxed_rs.rds,bcs_arts_c[6],arts_c,Childhood Arts Socialization,Cultural Capital,cs_step,6,-0.03940245,-0.0400974804932075,0.05981882119587518,-0.15739,-0.1382321,0.055877960000000004,0.0767020075,0.25775,0.74225
cosmopolitan,Cosmo & Networks,relaxed,Relaxed CS,rs,Crossed Random Slopes,hier_cosmopolitan_relaxed_rs.rds,bcs_social_c_avg,social_c,Social Conservatism,Ideology,cs_average,mean_1_6,0.18618250833333333,0.187962363884075,0.05288573144409285,0.08564018958333333,0.10239576666666667,0.27498641416666636,0.29133930666666663,1,0
cosmopolitan,Cosmo & Networks,relaxed,Relaxed CS,rs,Crossed Random Slopes,hier_cosmopolitan_relaxed_rs.rds,bcs_social_c[1],social_c,Social Conservatism,Ideology,cs_step,1,-0.0973269,-0.0981429284362,0.06799885095478526,-0.23104285,-0.20951404999999998,0.015733359999999964,0.03346499250000004,0.074,0.926
cosmopolitan,Cosmo & Networks,relaxed,Relaxed CS,rs,Crossed Random Slopes,hier_cosmopolitan_relaxed_rs.rds,bcs_social_c[2],social_c,Social Conservatism,Ideology,cs_step,2,0.0534086,0.054726780297175,0.07251171072227104,-0.0861042325,-0.06208290999999999,0.1750314499999999,0.19736602500000003,0.7745,0.2255
cosmopolitan,Cosmo & Networks,relaxed,Relaxed CS,rs,Crossed Random Slopes,hier_cosmopolitan_relaxed_rs.rds,bcs_social_c[3],social_c,Social Conservatism,Ideology,cs_step,3,0.116648,0.116922072629425,0.06815901374111893,-0.014667270000000001,0.007450710500000002,0.22669259999999997,0.249002625,0.96075,0.03925
cosmopolitan,Cosmo & Networks,relaxed,Relaxed CS,rs,Crossed Random Slopes,hier_cosmopolitan_relaxed_rs.rds,bcs_social_c[4],social_c,Social Conservatism,Ideology,cs_step,4,0.15163100000000002,0.15224885421405,0.07198051172315331,0.011969477499999999,0.034298995,0.26932134999999996,0.29195182500000005,0.98275,0.01725
cosmopolitan,Cosmo & Networks,relaxed,Relaxed CS,rs,Crossed Random Slopes,hier_cosmopolitan_relaxed_rs.rds,bcs_social_c[5],social_c,Social Conservatism,Ideology,cs_step,5,0.3224215,0.32401065785,0.08146881665249793,0.161697175,0.1914195,0.46318319999999996,0.48653665000000007,1,0
cosmopolitan,Cosmo & Networks,relaxed,Relaxed CS,rs,Crossed Random Slopes,hier_cosmopolitan_relaxed_rs.rds,bcs_social_c[6],social_c,Social Conservatism,Ideology,cs_step,6,0.5805070000000001,0.57800874675,0.08772078608115517,0.405993075,0.43387085,0.7196756499999999,0.746107925,1,0
cosmopolitan,Cosmo & Networks,relaxed,Relaxed CS,rs,Crossed Random Slopes,hier_cosmopolitan_relaxed_rs.rds,bcs_economic_c_avg,economic_c,Economic Conservatism,Ideology,cs_average,mean_1_6,-0.03493817833333333,-0.03497368307063667,0.049893534638883554,-0.13099838833333333,-0.11580459924999999,0.048267693333333264,0.06241059637500001,0.244,0.756
cosmopolitan,Cosmo & Networks,relaxed,Relaxed CS,rs,Crossed Random Slopes,hier_cosmopolitan_relaxed_rs.rds,bcs_economic_c[1],economic_c,Economic Conservatism,Ideology,cs_step,1,0.09034245,0.089885887972725,0.0652476417200879,-0.0367844325,-0.018346104999999998,0.19862564999999993,0.21495275,0.9125,0.0875
cosmopolitan,Cosmo & Networks,relaxed,Relaxed CS,rs,Crossed Random Slopes,hier_cosmopolitan_relaxed_rs.rds,bcs_economic_c[2],economic_c,Economic Conservatism,Ideology,cs_step,2,0.0154498,0.015815517662585,0.06984255657162883,-0.121444975,-0.09780132999999999,0.12866324999999998,0.15135072500000002,0.59175,0.40825
cosmopolitan,Cosmo & Networks,relaxed,Relaxed CS,rs,Crossed Random Slopes,hier_cosmopolitan_relaxed_rs.rds,bcs_economic_c[3],economic_c,Economic Conservatism,Ideology,cs_step,3,0.033027100000000004,0.032131223912145,0.06612995940456821,-0.09715959749999999,-0.07723923999999999,0.13912819999999992,0.16159990000000002,0.683,0.317
cosmopolitan,Cosmo & Networks,relaxed,Relaxed CS,rs,Crossed Random Slopes,hier_cosmopolitan_relaxed_rs.rds,bcs_economic_c[4],economic_c,Economic Conservatism,Ideology,cs_step,4,0.0746766,0.0760122940932,0.0702339089070678,-0.05856402999999998,-0.03715571999999999,0.19265274999999996,0.21247152500000008,0.8595,0.1405
cosmopolitan,Cosmo & Networks,relaxed,Relaxed CS,rs,Crossed Random Slopes,hier_cosmopolitan_relaxed_rs.rds,bcs_economic_c[5],economic_c,Economic Conservatism,Ideology,cs_step,5,-0.1106445,-0.111402639664475,0.07939297114937444,-0.265549825,-0.24302754999999998,0.019739769999999997,0.044001625000000016,0.0805,0.9195
cosmopolitan,Cosmo & Networks,relaxed,Relaxed CS,rs,Crossed Random Slopes,hier_cosmopolitan_relaxed_rs.rds,bcs_economic_c[6],economic_c,Economic Conservatism,Ideology,cs_step,6,-0.3132855,-0.3122843824,0.08661515885234959,-0.48137697500000004,-0.45215945,-0.1700734000000001,-0.141739825,2.5e-4,0.99975
cosmopolitan,Cosmo & Networks,relaxed,Relaxed CS,rs,Crossed Random Slopes,hier_cosmopolitan_relaxed_rs.rds,bcs_cosmo_global_c_avg,cosmo_global_c,Global Citizen Identity,Cosmopolitan Capital,cs_average,mean_1_6,0.035285333333333335,0.03565293324264571,0.030891565253089913,-0.024077663416666666,-0.014035403333333332,0.08706553066666665,0.09571462179166669,0.87575,0.12425
cosmopolitan,Cosmo & Networks,relaxed,Relaxed CS,rs,Crossed Random Slopes,hier_cosmopolitan_relaxed_rs.rds,bcs_cosmo_global_c[1],cosmo_global_c,Global Citizen Identity,Cosmopolitan Capital,cs_step,1,-0.06633549999999999,-0.06656520458231,0.04066686446474443,-0.14715720000000002,-0.13341015,-0.0019762240000000234,0.011746537500000025,0.044,0.956
cosmopolitan,Cosmo & Networks,relaxed,Relaxed CS,rs,Crossed Random Slopes,hier_cosmopolitan_relaxed_rs.rds,bcs_cosmo_global_c[2],cosmo_global_c,Global Citizen Identity,Cosmopolitan Capital,cs_step,2,0.08933440000000001,0.0899338948017,0.04247276812604673,0.00481836475,0.02114469,0.15877044999999998,0.17136217499999998,0.98075,0.01925
cosmopolitan,Cosmo & Networks,relaxed,Relaxed CS,rs,Crossed Random Slopes,hier_cosmopolitan_relaxed_rs.rds,bcs_cosmo_global_c[3],cosmo_global_c,Global Citizen Identity,Cosmopolitan Capital,cs_step,3,-0.01681885,-0.01675509363245,0.04279700792046318,-0.09978876499999999,-0.08806327,0.05231712499999998,0.066866495,0.347,0.653
cosmopolitan,Cosmo & Networks,relaxed,Relaxed CS,rs,Crossed Random Slopes,hier_cosmopolitan_relaxed_rs.rds,bcs_cosmo_global_c[4],cosmo_global_c,Global Citizen Identity,Cosmopolitan Capital,cs_step,4,0.140774,0.140674917032,0.04336625325963068,0.05469205,0.06955078,0.21247359999999996,0.223560275,0.9995,5e-4
cosmopolitan,Cosmo & Networks,relaxed,Relaxed CS,rs,Crossed Random Slopes,hier_cosmopolitan_relaxed_rs.rds,bcs_cosmo_global_c[5],cosmo_global_c,Global Citizen Identity,Cosmopolitan Capital,cs_step,5,-0.021847949999999998,-0.02198801979029075,0.04997084813983819,-0.11949675,-0.10349744999999999,0.06223127499999999,0.07955961500000001,0.31975,0.68025
cosmopolitan,Cosmo & Networks,relaxed,Relaxed CS,rs,Crossed Random Slopes,hier_cosmopolitan_relaxed_rs.rds,bcs_cosmo_global_c[6],cosmo_global_c,Global Citizen Identity,Cosmopolitan Capital,cs_step,6,0.08748705,0.088617105627225,0.053204997256813547,-0.014383187499999998,0.0030419450000000025,0.17551714999999998,0.19441805000000006,0.955,0.045
cosmopolitan,Cosmo & Networks,relaxed,Relaxed CS,rs,Crossed Random Slopes,hier_cosmopolitan_relaxed_rs.rds,bcs_network_diversity_c_avg,network_diversity_c,Friendship Network Diversity,Cosmopolitan Capital,cs_average,mean_1_6,0.05792191000000001,0.05912064613366,0.033375010282354935,-0.005179030750000001,0.005852386666666663,0.1142989783333333,0.12570159625000002,0.966,0.034
cosmopolitan,Cosmo & Networks,relaxed,Relaxed CS,rs,Crossed Random Slopes,hier_cosmopolitan_relaxed_rs.rds,bcs_network_diversity_c[1],network_diversity_c,Friendship Network Diversity,Cosmopolitan Capital,cs_step,1,-0.133982,-0.134176290408,0.0444056359494235,-0.219993025,-0.20610924999999997,-0.06112238000000001,-0.04736641999999998,0.00125,0.99875
cosmopolitan,Cosmo & Networks,relaxed,Relaxed CS,rs,Crossed Random Slopes,hier_cosmopolitan_relaxed_rs.rds,bcs_network_diversity_c[2],network_diversity_c,Friendship Network Diversity,Cosmopolitan Capital,cs_step,2,0.06578495000000001,0.06575615984515,0.04634751717774861,-0.022847572499999996,-0.010760565,0.14104504999999995,0.157348425,0.92075,0.07925
cosmopolitan,Cosmo & Networks,relaxed,Relaxed CS,rs,Crossed Random Slopes,hier_cosmopolitan_relaxed_rs.rds,bcs_network_diversity_c[3],network_diversity_c,Friendship Network Diversity,Cosmopolitan Capital,cs_step,3,0.10967299999999999,0.110261324193,0.04595437464193011,0.0202867,0.034412915,0.18571424999999994,0.20000770000000007,0.99,0.01
cosmopolitan,Cosmo & Networks,relaxed,Relaxed CS,rs,Crossed Random Slopes,hier_cosmopolitan_relaxed_rs.rds,bcs_network_diversity_c[4],network_diversity_c,Friendship Network Diversity,Cosmopolitan Capital,cs_step,4,0.21469349999999998,0.2144455278,0.045869146225115176,0.125058025,0.13974445000000002,0.2904281,0.304742,1,0
cosmopolitan,Cosmo & Networks,relaxed,Relaxed CS,rs,Crossed Random Slopes,hier_cosmopolitan_relaxed_rs.rds,bcs_network_diversity_c[5],network_diversity_c,Friendship Network Diversity,Cosmopolitan Capital,cs_step,5,0.06963559999999999,0.070394271550625,0.050224342838784033,-0.03157655,-0.012222754999999998,0.15452034999999997,0.17135680000000003,0.92075,0.07925
cosmopolitan,Cosmo & Networks,relaxed,Relaxed CS,rs,Crossed Random Slopes,hier_cosmopolitan_relaxed_rs.rds,bcs_network_diversity_c[6],network_diversity_c,Friendship Network Diversity,Cosmopolitan Capital,cs_step,6,0.0286811,0.028042883821185,0.054365274273591085,-0.07862419,-0.061517379999999997,0.11671144999999998,0.135917525,0.6935,0.3065
